student,sheet,ticker,dir,entry_date,exit_date,entry,exit,stop,ret,pattern
Richard,Project B - 20 Trades (Pass 1),DIA,-1,2020-01-23,2020-01-27,290.75,285.36,293.86,1.853826311263968,
Richard,Project B - 20 Trades (Pass 1),III,-1,2021-08-18,2021-08-26,1327.0,1322.5,1350.0,0.3391107761868877,
Richard,Project B - 20 Trades (Pass 1),III,-1,2021-11-22,2021-11-26,1433.0,1362.0,1465.0,4.954640614096301,
Richard,Project B - 20 Trades (Pass 1),III,1,2022-03-09,2022-03-14,1232.0,1276.0,1070.0,3.571428571428571,
Richard,Project B - 20 Trades (Pass 1),III,1,2022-06-23,2022-06-28,1086.5,1112.0,1040.0,2.3469857340082836,
Richard,Project B - 20 Trades (Pass 1),III,-1,2022-11-16,2022-11-18,1257.5,1282.0,1330.0,-1.94831013916501,
Richard,Project B - 20 Trades (Pass 1),III,-1,2023-02-16,2023-03-02,1641.0,1649.5,1690.0,-0.517976843388178,
Richard,Project B - 20 Trades (Pass 1),III,-1,2023-06-15,2023-06-22,2001.0,1907.5,2050.0,4.672663668165917,
Richard,Project B - 20 Trades (Pass 1),III,-1,2023-12-15,2023-12-18,2349.0,2414.0,2450.0,-2.7671349510429972,
Richard,Project B - 20 Trades (Pass 1),III,-1,2023-12-29,2024-01-05,2344.0,2293.0,2450.0,2.1757679180887375,
Richard,Project B - 20 Trades (Pass 1),III,-1,2024-04-16,2024-04-18,2801.0,2846.0,2885.0,-1.606569082470546,
Richard,Project B - 20 Trades (Pass 1),III,-1,2024-09-30,2024-10-01,3305.0,3224.0,3410.0,2.4508320726172466,
Richard,Project B - 20 Trades (Pass 1),III,-1,2025-02-24,2025-02-28,4082.0,3957.0,4160.0,3.0622243998040175,
Richard,Project B - 20 Trades (Pass 1),ADM,1,2021-05-25,2021-06-01,2940.0,3018.0,2835.0,2.6530612244897958,
Richard,Project B - 20 Trades (Pass 1),ADM,-1,2021-06-29,2021-07-02,3204.0,3124.0,3265.0,2.4968789013732833,
Richard,Project B - 20 Trades (Pass 1),ADM,-1,2021-08-25,2021-09-02,3649.0,3467.0,3715.0,4.987667854206632,
Richard,Project B - 20 Trades (Pass 1),ADM,1,2021-10-21,2021-10-27,3038.0,2945.0,2945.0,-3.061224489795918,
Richard,Project B - 20 Trades (Pass 1),ADM,1,2021-11-10,2021-11-15,2945.0,2986.0,2825.0,1.3921901528013583,
Richard,Project B - 20 Trades (Pass 1),ADM,-1,2023-09-01,2023-09-05,2430.0,2404.0,2510.0,1.0699588477366255,
Richard,Project B - 20 Trades (Pass 1),ADM,-1,2023-12-12,2023-12-15,2760.0,2655.0,2825.0,3.804347826086957,
Richard,Project B - 20 Trades (Pass 1),AAF,-1,2021-08-23,2021-09-07,93.7,95.15,101.0,-1.5474919957310596,
Richard,Project B - 20 Trades (Pass 1),AAF,-1,2021-11-19,2021-12-24,128.7,128.0,141.0,0.5439005439005351,
Richard,Project B - 20 Trades (Pass 1),AAF,1,2022-09-07,2022-09-12,134.1,144.0,129.0,7.382550335570475,
Richard,Project B - 20 Trades (Pass 1),AAF,-1,2023-06-15,2023-06-20,128.0,121.7,137.0,4.921874999999998,
Richard,Project B - 20 Trades (Pass 1),AAF,-1,2024-01-03,2024-01-09,128.5,129.4,132.0,-0.7003891050583702,
Richard,Project B - 20 Trades (Pass 1),AAF,1,2024-02-29,2024-03-21,94.85,97.75,90.0,3.057459146020038,
Richard,Project B - 20 Trades (Pass 1),AAF,1,2024-11-21,2024-11-27,97.0,105.0,92.0,8.24742268041237,
Richard,Project B - 20 Trades (Pass 1),AAF,-1,2025-01-08,2025-01-14,114.8,120.0,120.0,-4.529616724738679,
Richard,Project B - 20 Trades (Pass 1),AAF,-1,2025-02-13,2025-02-20,146.6,135.6,150.0,7.503410641200546,
Richard,Project C - 50 Trades,ALW,-1,2021-04-19,2021-04-26,970.0,980.0,988.0,-1.0309278350515463,
Richard,Project C - 50 Trades,ALW,-1,2021-11-17,2021-11-23,1064.0,1044.0,1088.0,1.8796992481203008,Dbl Top
Richard,Project C - 50 Trades,ALW,1,2022-01-27,2022-02-01,980.0,1000.0,934.0,2.0408163265306123,
Richard,Project C - 50 Trades,ALW,-1,2022-08-22,2022-08-30,997.0,974.0,1030.0,2.3069207622868606,Dbl Top
Richard,Project C - 50 Trades,ALW,-1,2022-11-16,2022-11-25,987.0,978.0,1016.0,0.911854103343465,
Richard,Project C - 50 Trades,ALW,-1,2024-01-03,2024-01-16,1096.0,1116.0,1124.0,-1.824817518248175,Dbl Top
Richard,Project C - 50 Trades,ALW,-1,2024-04-05,2024-04-16,1226.0,1204.0,1270.0,1.794453507340946,Dbl Top
Richard,Project C - 50 Trades,ALW,-1,2024-11-15,2024-11-22,1258.0,1266.0,1280.0,-0.6359300476947536,Dbl Top
Richard,Project C - 50 Trades,AAL,-1,2021-01-15,2021-01-25,2663.5,2515.0,2855.0,5.5753707527689125,Dbl Top
Richard,Project C - 50 Trades,AAL,1,2022-11-17,2022-11-22,3142.0,3138.5,3425.0,-0.11139401654996818,Dbl Top
Richard,Project C - 50 Trades,ANTO,1,2021-06-01,2021-06-03,1606.5,1545.0,1475.0,-3.828197945845005,IH&S
Richard,Project C - 50 Trades,ANTO,-1,2022-03-28,2022-04-04,1707.0,1699.0,1805.0,0.46865846514352666,Dbl Top
Richard,Project C - 50 Trades,ANTO,1,2022-07-22,2022-07-29,1076.0,1158.5,965.0,7.66728624535316,IH&S
Richard,Project C - 50 Trades,ANTO,-1,2022-11-17,2022-11-23,1307.5,1349.0,1456.0,-3.1739961759082216,
Richard,Project C - 50 Trades,ANTO,-1,2023-01-27,2023-02-10,1765.0,1674.5,1840.0,5.127478753541077,Dbl Top
Richard,Project C - 50 Trades,ANTO,-1,2024-01-02,2024-01-05,1651.5,1616.5,1735.0,2.1192854980320917,Dbl Top
Richard,Project C - 50 Trades,ANTO,-1,2024-04-16,2024-04-17,2208.0,2269.0,2340.0,-2.76268115942029,Dbl Top
Richard,Project C - 50 Trades,ANTO,1,2024-09-12,2024-09-19,1725.5,1858.0,1634.0,7.6789336424224865,
Richard,Project C - 50 Trades,AHT,-1,2022-08-18,2022-08-24,4592.0,4329.0,4732.0,5.727351916376307,
Richard,Project C - 50 Trades,AHT,1,2025-01-14,2025-01-17,5024.0,5324.0,5348.0,5.971337579617835,
Richard,Project C - 50 Trades,ABF,-1,2022-12-12,2022-12-16,1611.0,1553.0,1693.0,3.600248292985723,
Richard,Project C - 50 Trades,ABF,-1,2023-12-14,2023-12-28,2389.0,2372.0,2269.0,0.7115948095437421,
Richard,Project C - 50 Trades,ABF,1,2024-09-19,2024-09-27,2256.0,2323.0,2155.0,2.969858156028369,
Richard,Project C - 50 Trades,AZN,-1,2021-06-01,2021-06-04,7957.0,8055.0,8190.0,-1.2316199572703281,Dbl Top
Richard,Project C - 50 Trades,AZN,-1,2024-09-04,2024-09-05,12996.0,12540.0,13400.0,3.508771929824561,Dbl Top
Richard,Project C - 50 Trades,AUTO,1,2022-10-04,2022-10-06,534.8,537.2,487.0,0.44876589379208887,
Richard,Project C - 50 Trades,AUTO,-1,2023-02-10,2023-02-20,607.2,597.0,642.0,1.679841897233209,H&S
Richard,Project C - 50 Trades,AV.,-1,2022-01-21,2022-01-22,432.0,424.1,446.0,1.8287037037036984,
Richard,Project C - 50 Trades,AV.,-1,2022-11-28,2022-12-12,449.2,443.2,462.0,1.3357079252003563,
Richard,Project C - 50 Trades,AV.,-1,2024-04-05,2024-04-11,490.4,458.8,503.0,6.4437194127243,Dbl Top
Leen,300 Trades,AAPL,-1,2021-01-04,2021-01-06,129.41,126.6,139.0,2.171393246271542,
Leen,300 Trades,AAPL,-1,2022-08-19,2022-08-26,171.52,163.62,177.0,4.605876865671645,IH&S
Leen,300 Trades,AAPL,1,2022-10-04,2022-10-13,146.1,137.0,137.0,-6.228610540725526,
Leen,300 Trades,AAPL,1,2023-01-09,2023-01-13,130.15,134.76,124.0,3.542066845946973,Double Bottom
Leen,300 Trades,AAPL,-1,2023-02-10,2023-02-24,151.01,146.71,158.0,2.8474935434739312,Double Top
Leen,300 Trades,AAPL,1,2023-08-22,2023-08-29,177.23,184.12,171.0,3.8876036788354202,IH&S
Leen,300 Trades,AAPL,1,2024-03-12,2024-03-20,173.23,178.67,168.0,3.140333660451422,Double Bottom
Leen,300 Trades,AAPL,-1,2024-07-17,2024-07-24,228.88,218.54,238.0,4.51765117091926,H&S
Leen,300 Trades,AAPL,-1,2024-12-30,2025-01-02,252.2,243.85,261.0,3.310864393338618,IH&S
Leen,300 Trades,AAPL,1,2025-03-21,2025-04-03,218.27,208.0,208.0,-4.705181655747473,Double Bottom
Leen,300 Trades,AAPL,-1,2025-09-09,2025-09-10,234.35,226.79,242.0,3.2259441007040763,
Leen,300 Trades,CVX,1,2020-03-25,2020-04-06,69.27,80.39,51.0,16.053125451133255,Double Bottom
Leen,300 Trades,CVX,1,2020-10-05,2020-10-14,72.7,72.95,68.0,0.34387895460797796,Double Bottom
Leen,300 Trades,CVX,-1,2021-11-02,2021-11-09,113.83,116.0,116.0,-1.906351576912942,Double Top
Leen,300 Trades,CVX,-1,2022-11-15,2022-11-28,188.05,178.36,190.0,5.152884871044933,H&S
Leen,300 Trades,CVX,1,2023-11-13,2023-11-16,144.0,141.0,141.0,-2.083333333333333,Double Bottom
Leen,300 Trades,CVX,-1,2024-04-12,2024-04-15,158.96,157.59,164.0,0.8618520382486188,
Leen,300 Trades,CVX,-1,2024-04-30,2024-05-01,161.27,159.63,168.0,1.0169281329447601,
Leen,300 Trades,FDX,1,2020-03-18,2020-03-26,99.68,120.58,88.0,20.96709470304975,
Leen,300 Trades,FDX,-1,2020-06-10,2020-06-11,140.4,128.81,150.0,8.254985754985757,
Leen,300 Trades,FDX,-1,2020-10-22,2020-10-28,275.95,259.99,294.0,5.7836564595035265,NONE
Leen,300 Trades,FDX,1,2021-10-13,2021-10-25,223.73,235.4,216.0,5.216108702453858,Double Bottom
Leen,300 Trades,FDX,-1,2021-11-17,2021-11-19,247.35,242.69,256.0,1.8839700828785106,
Leen,300 Trades,FDX,1,2022-09-28,2022-11-10,149.99,166.0,142.0,10.674044936329082,NONE
Leen,300 Trades,FDX,-1,2024-04-01,2024-04-12,280.13,267.8,292.0,4.401527862064036,Double Top
Leen,300 Trades,FDX,-1,2024-07-22,2024-08-02,307.43,292.3,314.0,4.921445532316298,H&S
Leen,300 Trades,FDX,1,2024-10-09,2024-10-16,264.64,271.8,253.0,2.705562273276914,Double Bottom
Leen,300 Trades,FDX,-1,2024-12-02,2024-12-03,296.69,282.85,309.0,4.664801644814444,
Leen,300 Trades,FDX,1,2025-02-10,2025-02-14,258.23,267.77,246.0,3.6943809781977164,none
Leen,300 Trades,FDX,-1,2025-10-07,2025-10-10,242.33,224.63,251.0,7.304089464779439,H&S
Leen,300 Trades,FDX,-1,2025-12-02,2025-12-08,270.37,277.0,277.0,-2.4521951399933406,Double Top
Leen,300 Trades,AMD,-1,2020-09-02,2020-09-08,90.22,78.69,95.0,12.779871425404568,
Leen,300 Trades,AMD,-1,2021-07-07,2021-07-15,90.54,86.93,96.0,3.9871879832118395,
Leen,300 Trades,AMD,-1,2022-08-09,2022-08-22,95.54,92.84,99.0,2.8260414486079157,H&S
Leen,300 Trades,AMD,-1,2023-02-10,2023-02-17,81.48,78.5,89.0,3.657339224349539,Double Top
Leen,300 Trades,AMD,-1,2024-03-11,2024-03-14,198.39,187.06,205.0,5.710973335349556,
Leen,300 Trades,AMD,-1,2024-07-16,2024-07-17,177.55,159.43,188.0,10.205575894114336,
Leen,300 Trades,AMD,1,2024-08-12,2024-08-15,136.77,147.36,121.0,7.742926080280766,IH&S
Leen,300 Trades,AMD,1,2024-12-24,2025-01-06,126.29,129.55,118.0,2.5813603610737235,Double bottom
Leen,300 Trades,AMD,1,2025-03-05,2025-03-11,101.67,95.0,95.0,-6.560440641290451,
Leen,300 Trades,AMD,1,2025-03-12,2025-03-19,100.79,106.23,94.0,5.397360849290601,
Leen,300 Trades,AMZN,-1,2020-02-21,2020-02-25,104.8,98.64,110.0,5.8778625954198445,Double Top
Leen,300 Trades,AMZN,-1,2020-07-16,2020-07-20,150.0,159.84,168.0,-6.560000000000002,Double Top
Leen,300 Trades,AMZN,-1,2020-09-03,2020-09-08,168.4,157.49,178.0,6.478622327790971,
Leen,300 Trades,AMZN,1,2021-08-24,2021-08-30,165.29,171.08,158.0,3.5029342367959466,NONE
Leen,300 Trades,AMZN,1,2021-10-13,2021-10-15,164.21,170.45,158.0,3.8000121795262043,Double Bottom
Leen,300 Trades,AMZN,1,2022-05-25,2022-05-31,106.78,120.21,101.0,12.577261659486789,Double Bottom
Leen,300 Trades,AMZN,1,2022-11-10,2022-11-17,96.63,94.85,85.0,-1.8420780295974346,
Leen,300 Trades,AMZN,-1,2024-11-15,2024-11-21,202.61,198.38,216.0,2.0877547998618122,
Leen,300 Trades,IWM,-1,2020-01-21,2020-01-24,167.27,165.39,171.0,1.1239313684462389,none
Leen,300 Trades,IWM,1,2020-03-24,2020-04-09,109.04,123.72,95.0,13.462949376375635,Double Bottom
Leen,300 Trades,IWM,-1,2020-06-10,2020-06-11,146.18,135.03,151.0,7.6275824326173245,
Leen,300 Trades,IWM,-1,2020-08-18,2020-09-03,158.39,153.78,160.0,2.9105372813940185,Double Top
Leen,300 Trades,IWM,-1,2021-02-16,2021-02-26,225.83,218.31,231.0,3.3299384492760082,
Leen,300 Trades,IWM,1,2021-07-20,2021-07-29,218.3,222.52,209.0,1.9331195602382036,IH&S
Leen,300 Trades,IWM,-1,2021-11-10,2021-11-19,237.35,232.72,244.0,1.9507057088687572,Double Top
Leen,300 Trades,IWM,1,2021-11-30,2021-12-15,218.17,213.0,213.0,-2.3697116927166832,Double Bottom
Leen,300 Trades,IWM,1,2022-01-31,2022-02-09,201.24,206.61,188.0,2.6684555754323216,IH&S
Leen,300 Trades,IWM,1,2022-05-23,2022-05-27,178.21,187.84,170.0,5.403737164019973,Double Bottom
Leen,300 Trades,IWM,-1,2022-08-19,2022-08-26,194.65,188.98,202.0,2.9129206267659984,
Leen,300 Trades,IWM,1,2022-10-03,2022-10-13,169.29,163.0,163.0,-3.7155177506054655,Double Bottom
Leen,300 Trades,IWM,-1,2023-02-15,2023-02-21,194.46,187.43,200.0,3.6151393602797497,Double Bottom
Leen,300 Trades,IWM,1,2023-03-21,2023-03-31,176.65,178.4,170.0,0.9906594961788848,Double Bottom
Leen,300 Trades,IWM,1,2023-11-01,2023-11-03,165.46,174.49,161.0,5.457512389701439,
Leen,300 Trades,IWM,-1,2023-12-29,2024-01-05,200.71,193.25,206.0,3.716805341039314,H&S
Leen,300 Trades,IWM,-1,2024-07-30,2024-08-02,222.57,208.92,227.0,6.132902008356924,Double Top
Leen,300 Trades,IWM,1,2025-01-03,2025-01-10,224.43,218.0,218.0,-2.865035868645015,Double Bottom
Leen,300 Trades,IWM,1,2025-04-14,2025-04-24,186.53,194.06,171.0,4.036884147322147,
Leen,300 Trades,IWM,-1,2025-07-11,2025-07-23,221.7,227.0,227.0,-2.3906179521876463,Double Top
Leen,300 Trades,IWM,-1,2026-01-23,2026-01-30,264.81,259.65,272.0,1.9485668970205146,
Leen,300 Trades,C,1,2020-03-30,2020-04-09,44.08,47.41,32.0,7.554446460980032,Double Bottom
Leen,300 Trades,C,-1,2020-06-10,2020-06-11,55.86,48.39,63.0,13.372717508055851,
Leen,300 Trades,C,1,2020-09-28,2020-10-12,43.34,45.88,41.0,5.860636825103828,Double Bottom
Leen,300 Trades,C,-1,2021-01-19,2021-01-21,63.69,61.87,70.0,2.8575914586277285,Double Top
Leen,300 Trades,C,-1,2021-03-19,2021-03-24,73.01,70.08,77.0,4.013148883714568,Double Top
Leen,300 Trades,C,-1,2021-06-08,2021-06-11,79.08,76.89,81.0,2.7693474962063704,none
Leen,300 Trades,C,1,2022-03-16,2022-04-01,56.8,53.0,53.0,-6.690140845070418,Double Bottom
Leen,300 Trades,C,-1,2022-11-23,2022-11-28,48.24,47.23,51.0,2.0936981757877384,Double Top
Leen,300 Trades,C,-1,2023-02-02,2023-02-09,52.22,49.98,54.0,4.289544235924938,
Leen,300 Trades,C,1,2023-03-27,2023-03-31,44.78,46.89,42.0,4.711924966502902,
Leen,300 Trades,C,1,2023-09-12,2023-09-14,41.68,43.14,40.0,3.5028790786948196,Double Bottom
Leen,300 Trades,C,1,2023-10-31,2023-11-02,39.49,41.35,38.0,4.71005317801975,Double Bottom
Leen,300 Trades,C,1,2024-08-14,2024-08-16,59.28,61.4,53.0,3.576248313090414,Double Top
Leen,300 Trades,C,-1,2025-01-31,2025-02-06,81.43,82.33,83.0,-1.1052437676531883,Double Top
Leen,300 Trades,C,1,2025-03-17,2025-03-24,69.94,74.04,66.0,5.8621675722047595,Double bottom
Leen,300 Trades,C,1,2025-04-17,2025-04-23,63.25,66.3,55.0,4.822134387351775,Double Bottom
Leen,300 Trades,C,-1,2025-09-29,2025-10-01,103.16,98.71,106.0,4.3136874757658035,Double top
Leen,300 Trades,GE,-1,2020-01-14,2020-01-22,59.89,56.61,61.0,5.4767072967106385,Double Top
Leen,300 Trades,GE,1,2021-12-06,2021-12-14,59.75,57.0,57.0,-4.602510460251046,none
Leen,300 Trades,GE,1,2022-05-16,2022-05-27,46.45,49.02,44.0,5.532831001076426,Double Bottom
Leen,300 Trades,GE,-1,2022-08-19,2022-08-30,48.37,46.76,51.0,3.328509406657018,Double Top
Leen,300 Trades,GE,1,2024-12-20,2025-01-03,168.37,171.96,159.0,2.1322088258003227,IH&S
Leen,300 Trades,COST,-1,2020-10-23,2020-10-28,374.6,364.96,385.0,2.5734116390816983,Double top
Leen,300 Trades,COST,1,2021-03-10,2021-03-22,323.83,334.49,310.0,3.2918506623845927,
Leen,300 Trades,COST,1,2022-01-28,2022-02-02,492.43,522.02,469.0,6.008975895051068,
Leen,300 Trades,COST,-1,2022-04-14,2022-04-22,590.39,571.7,613.0,3.165704026152195,IH&S
Leen,300 Trades,COST,1,2022-05-27,2022-06-02,470.76,487.61,416.0,3.5793185487297188,
Leen,300 Trades,COST,1,2022-10-03,2022-10-24,470.4,496.97,463.0,5.648384353741507,
Leen,300 Trades,COST,1,2022-12-30,2023-01-06,456.5,482.87,450.0,5.7765607886089825,Double Bottom
Leen,300 Trades,COST,-1,2023-02-08,2023-02-22,503.81,497.39,531.0,1.2742899108791044,
Leen,300 Trades,COST,-1,2023-12-29,2024-01-12,681.49,682.0,682.0,-0.0748360210714744,
Leen,300 Trades,COST,1,2025-03-21,2025-04-01,909.26,954.4,881.0,4.964476607351031,Double Bottom
Leen,300 Trades,COST,1,2025-07-31,2025-08-06,939.64,968.56,925.0,3.0777744668170746,
Leen,300 Trades,COST,1,2025-12-30,2026-01-06,865.65,889.1,846.0,2.7089470340206834,Double Bottom
Leen,300 Trades,SPY,-1,2020-01-24,2020-01-27,328.77,323.5,333.0,1.6029443075706367,
Leen,300 Trades,SPY,1,2020-03-25,2020-04-06,246.79,264.86,218.0,7.322014668341515,
Leen,300 Trades,SPY,-1,2020-09-03,2020-09-08,345.39,333.21,357.0,3.526448362720405,
Leen,300 Trades,SPY,-1,2021-04-22,2021-04-26,412.27,418.0,418.0,-1.3898658646032984,
Leen,300 Trades,SPY,-1,2021-11-22,2021-11-26,467.57,458.97,474.0,1.8392967897854793,Double Top
Leen,300 Trades,SPY,1,2022-01-28,2022-02-02,441.95,457.35,420.0,3.4845570765923823,
Leen,300 Trades,SPY,-1,2022-08-19,2022-08-26,422.14,405.31,432.0,3.9868290140711573,H&S
Leen,300 Trades,SPY,1,2022-10-03,2022-10-11,366.61,359.0,359.0,-2.0757753470991007,Double Bottom
Leen,300 Trades,SPY,1,2022-10-13,2022-10-21,365.97,374.29,348.0,2.2734103888296833,Double Bottom
Leen,300 Trades,SPY,-1,2023-06-21,2023-06-28,434.94,436.39,444.0,-0.33337931668735654,
Leen,300 Trades,SPY,1,2023-10-04,2023-10-06,424.66,429.54,420.0,1.1491546178118954,Double Bottom
Leen,300 Trades,SPY,1,2023-10-06,2023-10-10,429.54,434.54,420.0,1.164035945429995,Double Bottom
Leen,300 Trades,SPY,1,2023-10-31,2023-11-02,418.2,430.76,409.0,3.0033476805356294,Double Bottom
Leen,300 Trades,SPY,-1,2024-07-17,2024-07-19,556.94,548.99,566.0,1.4274428125112302,
Leen,300 Trades,SPY,1,2025-03-14,2025-03-31,562.81,549.0,549.0,-2.4537588173628664,
Leen,300 Trades,SPY,1,2025-03-07,2025-03-27,567.15,567.08,549.0,-0.012342413823492257,
Leen,300 Trades,BA,-1,2020-02-18,2020-02-21,338.88,330.38,350.0,2.508262511803588,
Leen,300 Trades,BA,1,2020-03-24,2020-03-31,127.68,149.14,94.0,16.80764411027567,Double Bottom
Leen,300 Trades,BA,-1,2020-06-17,2020-06-25,192.54,174.88,227.0,9.172120078944634,Double Top
Leen,300 Trades,BA,-1,2020-12-09,2020-12-31,232.06,214.06,245.0,7.756614668620185,
Leen,300 Trades,BA,-1,2021-03-18,2021-03-30,256.06,252.01,279.0,1.5816605483089945,
Leen,300 Trades,BA,1,2021-12-02,2021-12-08,202.38,211.03,188.0,4.274137760648288,IH&S
Leen,300 Trades,BA,1,2022-03-15,2022-03-18,179.89,192.83,167.0,7.193284785146494,Duble Bottom
Leen,300 Trades,BA,1,2022-05-04,2022-05-09,156.97,143.0,143.0,-8.89978976874562,Double Bottom
Leen,300 Trades,BA,1,2022-05-23,2022-06-02,124.07,140.5,117.0,13.242524381397605,Double Bottom
Leen,300 Trades,BA,1,2022-10-04,2022-10-18,133.51,137.34,120.0,2.8686989738596456,
Leen,300 Trades,BA,-1,2023-08-03,2023-08-17,231.36,224.54,244.0,2.9477869986168836,
Leen,300 Trades,BA,1,2023-10-10,2023-10-16,193.53,182.0,182.0,-5.957732651268538,
Leen,300 Trades,BA,1,2023-10-30,2023-11-01,182.35,189.38,176.0,3.8552234713463127,Double Bottom
Leen,300 Trades,BA,-1,2023-12-28,2024-01-03,260.35,243.91,268.0,6.314576531592097,none
Leen,300 Trades,BA,1,2024-04-29,2024-05-02,173.49,178.85,159.0,3.089515245835486,IH&S
Leen,300 Trades,BA,-1,2024-12-30,2025-01-14,176.55,167.02,183.0,5.3979042764089495,Double Top
Leen,300 Trades,BA,1,2025-03-12,2025-03-19,158.8,172.62,145.0,8.702770780856419,none
Leen,300 Trades,BA,1,2025-11-26,2025-12-02,182.44,205.38,177.0,12.573996930497696,
Leen,300 Trades,BA,-1,2026-01-28,2026-01-29,241.59,234.04,255.0,3.125129351380443,
Leen,300 Trades,V,-1,2020-09-03,2020-09-04,208.96,204.56,218.0,2.1056661562021466,Double Top
Leen,300 Trades,V,1,2020-11-03,2020-11-05,188.34,197.64,179.0,4.937878305192727,
Leen,300 Trades,V,-1,2021-05-05,2021-05-10,229.21,225.97,238.0,1.4135508921949342,H&S
Leen,300 Trades,V,-1,2021-07-28,2021-08-02,246.94,239.78,253.0,2.899489754596257,
Leen,300 Trades,V,1,2022-03-14,2022-03-16,200.33,211.87,186.0,5.760495182948131,
Leen,300 Trades,V,1,2022-10-03,2022-10-18,181.65,187.17,174.0,3.038810900082566,Double Bottom
Leen,300 Trades,V,-1,2022-11-02,2022-11-09,200.95,193.93,212.0,3.4934063199800858,Double Bottom
Leen,300 Trades,V,-1,2023-02-07,2023-02-17,231.32,223.56,235.0,3.354660210963164,H&S
Leen,300 Trades,V,1,2023-10-05,2023-10-10,233.48,236.6,227.0,1.3363028953229419,Double Bottom
Leen,300 Trades,V,-1,2024-09-19,2024-09-24,285.24,272.78,294.0,4.368251297153287,H&S
Leen,300 Trades,V,1,2025-11-25,2025-12-11,334.53,345.73,318.0,3.3479807491107065,
Leen,300 Trades,LNG,-1,2020-01-21,2020-01-23,64.42,62.85,68.0,2.4371313256752565,
Leen,300 Trades,LNG,1,2020-03-25,2020-04-09,33.31,38.58,29.0,15.821074752326616,Double Bottom
Leen,300 Trades,LNG,-1,2020-08-18,2020-08-20,52.88,51.08,58.0,3.4039334341906278,H&S
Leen,300 Trades,LNG,-1,2021-01-21,2021-01-26,66.74,60.66,70.0,9.109979023074615,Double Top
Leen,300 Trades,LNG,-1,2021-06-15,2021-06-18,88.47,83.25,90.0,5.900305188199388,Double Top
Leen,300 Trades,LNG,-1,2022-03-09,2022-03-16,134.02,125.88,144.0,6.073720340247735,Double Top
Leen,300 Trades,LNG,-1,2022-08-29,2022-09-01,165.28,156.75,173.0,5.160939012584706,
Leen,300 Trades,LNG,1,2024-01-23,2024-01-26,162.47,167.72,160.0,3.2313657906074966,
Leen,300 Trades,LNG,-1,2024-07-23,2024-08-05,176.88,172.24,185.0,2.6232473993667944,Double Top
Leen,300 Trades,LNG,-1,2025-01-22,2025-01-27,233.36,224.46,258.0,3.813849845731918,
Leen,300 Trades,LNG,1,2025-11-10,2025-11-21,211.55,205.0,205.0,-3.0961947530134775,
Leen,300 Trades,LNG,1,2025-12-29,2026-01-02,192.6,197.8,186.0,2.699896157840092,Double Bottom
Leen,300 Trades,IBM,-1,2020-02-14,2020-02-24,143.94,139.86,152.0,2.834514380992069,Double Top
Leen,300 Trades,IBM,1,2020-03-24,2020-04-06,100.75,109.67,86.0,8.85359801488834,Double Bottom
Leen,300 Trades,IBM,1,2020-11-02,2020-11-10,107.65,112.62,101.0,4.616813748258243,IH&S
Leen,300 Trades,IBM,1,2021-11-03,2021-11-17,121.43,118.0,118.0,-2.8246726509099944,Double Bottom
Leen,300 Trades,IBM,1,2022-03-02,2022-03-16,123.86,127.04,118.0,2.5674148231874754,Double Bottom
Leen,300 Trades,IBM,-1,2022-04-27,2022-05-10,135.06,129.13,142.0,4.390641196505262,Double Top
Leen,300 Trades,IBM,1,2023-03-20,2023-03-27,125.94,129.31,121.0,2.6758774019374343,Double Bottom
Leen,300 Trades,IBM,1,2023-05-12,2023-05-17,122.84,125.71,120.0,2.3363725170954006,IH&S
Leen,300 Trades,IBM,-1,2023-06-20,2023-06-22,135.96,131.17,140.0,3.5230950279494118,
Leen,300 Trades,IBM,-1,2024-02-13,2024-02-21,183.7,179.7,187.0,2.1774632553075666,Double Top
Leen,300 Trades,IBM,-1,2024-03-14,2024-03-25,193.42,188.79,200.0,2.393754523834141,Double Top
Leen,300 Trades,IBM,1,2024-05-15,2024-05-21,168.26,173.47,162.0,3.096398430999648,Double Bottom
Leen,300 Trades,IBM,-1,2024-08-01,2024-08-05,189.66,183.31,195.0,3.348096593904879,Double Top
Leen,300 Trades,IBM,1,2024-11-06,2024-11-20,213.6,214.6,203.0,0.46816479400749067,Double Bottom
Leen,300 Trades,IBM,-1,2024-12-11,2024-12-18,230.12,220.17,240.0,4.323831044672352,H&S
Leen,300 Trades,IBM,-1,2025-02-24,2025-03-03,261.87,250.19,266.0,4.460228357582008,
Leen,300 Trades,IBM,1,2025-04-09,2025-04-22,235.31,240.9,215.0,2.3755896476987814,
Leen,300 Trades,IBM,1,2025-08-19,2025-09-05,241.28,248.53,233.0,3.0048076923076925,
Leen,300 Trades,IBM,-1,2025-11-03,2025-11-12,304.73,314.98,320.0,-3.3636333803695075,
Leen,300 Trades,META,1,2020-03-24,2020-04-07,160.98,168.83,137.0,4.876382159274458,
Leen,300 Trades,META,-1,2020-09-03,2020-09-08,291.12,271.16,305.0,6.856279197581746,Double Top
Leen,300 Trades,META,-1,2021-05-07,2021-05-10,319.08,305.97,332.0,4.108687476494909,Double Top
Leen,300 Trades,META,-1,2021-07-07,2021-07-16,350.0,341.16,359.0,2.5257142857142787,Double Top
Leen,300 Trades,META,-1,2021-07-29,2021-08-03,358.32,351.24,378.0,1.975887474882782,Double Top
Leen,300 Trades,META,1,2022-03-16,2022-03-18,203.63,216.69,193.0,6.413593281932919,Double Bottom
Leen,300 Trades,META,1,2022-11-07,2022-11-15,96.72,117.08,88.0,21.050454921422663,
Leen,300 Trades,META,-1,2023-02-09,2023-02-14,177.92,179.48,198.0,-0.8767985611510805,Double Top
Leen,300 Trades,META,1,2024-05-03,2024-05-09,451.96,475.42,427.0,5.19072484290646,NONE
Leen,300 Trades,META,-1,2025-02-19,2025-02-21,703.77,683.55,737.0,2.873097745001922,NONE
Leen,300 Trades,META,1,2025-11-24,2025-11-28,613.05,647.95,581.0,5.6928472392137826,
Leen,300 Trades,XLP,-1,2020-01-24,2020-01-31,63.59,63.18,65.0,0.6447554646957127,
Leen,300 Trades,XLP,1,2020-03-26,2020-04-06,53.76,57.41,47.0,6.789434523809522,IH&S
Leen,300 Trades,XLP,-1,2020-09-04,2020-09-08,65.5468,64.16,68.0,2.115740203945895,
Leen,300 Trades,XLP,-1,2021-04-01,2021-04-20,67.98,69.92,70.0,-2.853780523683433,
Leen,300 Trades,XLP,-1,2021-11-16,2021-11-26,72.73,71.96,74.0,1.0587102983638252,Double Top
Leen,300 Trades,XLP,-1,2022-01-10,2022-01-20,76.81,75.9,79.0,1.1847415701080544,H&S
Leen,300 Trades,XLP,-1,2022-04-26,2022-04-29,78.36,77.64,82.0,0.9188361408882068,H&S
Leen,300 Trades,XLP,1,2022-05-24,2022-05-27,73.34,75.0,70.0,2.26343059721843,
Leen,300 Trades,XLP,1,2022-06-22,2022-06-24,70.09,72.85,68.0,3.937794264517036,IH&S
Leen,300 Trades,XLP,-1,2022-08-22,2022-08-26,76.26,74.45,78.0,2.373459218463155,
Leen,300 Trades,XLP,1,2022-10-11,2022-10-21,67.29,68.91,66.0,2.407489968791782,Double Bottom
Leen,300 Trades,XLP,-1,2022-12-05,2022-12-15,76.22,75.23,78.0,1.2988716872211952,Double Top
Leen,300 Trades,XLP,-1,2023-05-03,2023-05-17,76.66,76.24,78.0,0.5478737281502762,H&S
Leen,300 Trades,XLP,1,2023-06-08,2023-06-15,73.23,74.58,72.0,1.8435067595247772,Double Bottom
Leen,300 Trades,XLP,1,2023-10-16,2023-11-02,67.49,68.67,66.0,1.7484071714328153,Double Bottom
Leen,300 Trades,XLP,-1,2024-03-18,2024-04-03,75.46,74.53,77.0,1.2324410283593858,Double Top
Leen,300 Trades,XLP,-1,2024-05-22,2024-05-28,77.82,76.5,79.0,1.6962220508866528,
Leen,300 Trades,XLP,-1,2024-09-17,2024-10-02,83.46,82.02,85.0,1.7253774263120032,H&S
Leen,300 Trades,XLP,1,2025-01-17,2025-01-27,77.24,80.01,75.0,3.5862247540134775,
Leen,300 Trades,XLP,-1,2025-03-10,2025-03-12,82.68,79.7,85.0,3.604257377842288,H&S
Leen,300 Trades,XLP,1,2025-11-07,2025-11-21,76.71,77.9,75.0,1.55129709294748,
Leen,300 Trades,LMT,1,2020-03-25,2020-03-26,319.67,350.33,266.0,9.591140864016007,Double Bottom
Leen,300 Trades,LMT,1,2020-11-03,2020-11-04,363.44,372.16,345.0,2.3992956196346102,IH&S
Leen,300 Trades,LMT,1,2021-02-02,2021-02-09,332.7,342.34,319.0,2.8975052599939843,
Leen,300 Trades,LMT,-1,2021-04-21,2021-04-26,387.24,371.98,395.0,3.9407086044830058,
Leen,300 Trades,LMT,1,2021-09-22,2021-09-27,341.73,353.36,335.0,3.4032715886811213,
Leen,300 Trades,LMT,1,2021-11-05,2021-11-22,339.89,344.98,324.0,1.4975433228397517,
Leen,300 Trades,LMT,-1,2022-03-10,2022-03-16,444.36,421.34,480.0,5.180484292015492,H&S
Leen,300 Trades,LMT,1,2022-06-27,2022-06-30,419.25,429.96,394.0,2.55456171735241,Double Bottom
Leen,300 Trades,LMT,1,2022-07-25,2022-07-29,399.8,413.81,373.0,3.5042521260630286,
Leen,300 Trades,LMT,1,2022-10-03,2022-10-10,399.74,409.99,389.0,2.564166708360434,
Leen,300 Trades,LMT,1,2023-09-14,2023-09-22,425.89,411.0,411.0,-3.49620794101763,
Leen,300 Trades,LMT,1,2024-02-07,2024-02-14,430.1,419.0,419.0,-2.5807951639153734,
Leen,300 Trades,LMT,-1,2024-04-08,2024-04-11,452.38,452.32,458.0,0.013263185817233802,Double top
Leen,300 Trades,LMT,1,2024-11-06,2024-11-11,551.82,570.58,540.0,3.3996593091950253,
Leen,300 Trades,LMT,1,2025-01-13,2025-01-17,483.16,490.32,461.0,1.4819107542015,IH&S
Leen,300 Trades,LMT,1,2025-02-21,2025-03-05,440.72,460.42,419.0,4.469958250136138,
Leen,300 Trades,LMT,1,2025-08-05,2025-08-13,428.24,442.57,410.0,3.3462544367644274,Double Bottom
Leen,300 Trades,LMT,1,2025-11-14,2025-11-24,465.77,451.06,448.0,-3.158211134250806,
Leen,300 Trades,NFLX,-1,2020-05-20,2020-05-26,44.77,41.48,56.0,7.348670985034635,Double top
Leen,300 Trades,NFLX,-1,2020-07-17,2020-07-23,49.3,47.76,58.0,3.1237322515212966,
Leen,300 Trades,NFLX,-1,2021-09-13,2021-09-29,58.93,58.8,59.0,0.22060071270999926,H&S
Leen,300 Trades,NFLX,1,2023-03-20,2023-03-23,30.51,32.04,28.0,5.014749262536864,Double Bottom
Leen,300 Trades,NFLX,-1,2023-11-30,2023-12-06,47.4,44.67,49.0,5.75949367088607,
Leen,300 Trades,NFLX,-1,2024-06-28,2024-07-05,67.49,69.07,69.0,-2.3410875685286685,Double Top
Leen,300 Trades,NFLX,1,2024-08-07,2024-08-13,61.15,64.8,58.0,5.96892886345053,
Leen,300 Trades,NFLX,-1,2024-12-10,2024-12-31,90.76,89.13,94.0,1.795945350374625,Double Top
Leen,300 Trades,NFLX,-1,2025-02-20,2025-02-25,102.45,95.5,107.0,6.783796974133727,
Leen,300 Trades,NFLX,-1,2025-05-12,2025-05-15,111.0,117.0,117.0,-5.405405405405405,
Leen,300 Trades,NFLX,1,2026-02-24,2026-02-25,78.04,82.7,75.0,5.97129677088672,Double Bottom
Leen,300 Trades,TSLA,-1,2020-02-24,2020-02-27,55.59,45.27,61.0,18.56449001618996,Double Top
Leen,300 Trades,TSLA,1,2020-03-26,2020-04-07,35.21,36.36,23.0,3.2661175802328843,Double Bottom
Leen,300 Trades,TSLA,-1,2020-09-03,2020-09-08,135.67,110.07,168.0,18.86931525023955,
Leen,300 Trades,TSLA,-1,2021-11-08,2021-11-15,387.65,337.8,399.0,12.859538243260666,
Leen,300 Trades,TSLA,1,2022-05-26,2022-05-27,235.91,253.21,207.0,7.333305073968892,
Leen,300 Trades,TSLA,-1,2022-08-09,2022-08-15,283.33,314.0,314.0,-10.824833233332164,
Leen,300 Trades,TSLA,1,2022-10-21,2022-10-24,214.44,202.0,202.0,-5.801156500652863,Double Bottom
Leen,300 Trades,TSLA,1,2023-01-09,2023-01-23,119.77,143.73,101.0,20.005009601736656,Double Bottom
Leen,300 Trades,TSLA,-1,2023-02-21,2023-03-07,197.37,187.71,218.0,4.894360845113237,H&S
Leen,300 Trades,TSLA,-1,2023-06-23,2023-07-03,256.6,277.0,277.0,-7.950116913484012,H&S
Leen,300 Trades,TSLA,1,2023-08-21,2023-08-29,231.28,257.18,212.0,11.19854721549637,
Leen,300 Trades,TSLA,1,2023-11-02,2023-11-14,218.51,237.41,194.0,8.649489725870673,IH&S
Leen,300 Trades,TSLA,1,2024-02-07,2024-02-26,187.58,199.4,175.0,6.3013114404520705,Double Bottom
Leen,300 Trades,TSLA,1,2024-04-24,2024-04-25,162.13,170.18,138.0,4.9651514216986445,
Leen,300 Trades,TSLA,-1,2024-11-26,2024-12-05,338.23,362.0,362.0,-7.0277621736688,Double Top
Leen,300 Trades,TSLA,-1,2025-06-02,2025-06-05,342.69,284.7,368.0,16.92199947474394,Double Top
Leen,300 Trades,TSLA,-1,2025-10-02,2025-10-10,436.0,413.49,471.0,5.162844036697246,
Leen,300 Trades,VZ,1,2020-03-02,2020-03-04,57.32,58.12,52.0,1.3956734124214882,IH&S
Leen,300 Trades,VZ,-1,2020-09-09,2020-09-23,59.62,58.91,62.0,1.190875545119089,Double Top
Leen,300 Trades,VZ,1,2020-10-30,2020-11-05,56.99,58.15,56.0,2.0354448148797974,Double Bottom
Leen,300 Trades,VZ,1,2021-02-16,2021-02-17,54.15,56.99,53.0,5.244690674053562,Double Bottom
Leen,300 Trades,VZ,1,2021-12-14,2021-12-16,50.65,52.5,49.0,3.6525172754195485,Double Bottom
Leen,300 Trades,VZ,1,2022-05-04,2022-05-20,48.37,49.53,45.0,2.398180690510655,
Leen,300 Trades,VZ,1,2022-10-24,2022-11-02,35.97,37.71,34.0,4.837364470391999,Double bottom
Leen,300 Trades,VZ,1,2023-03-20,2023-03-27,37.43,38.05,37.0,1.656425327277578,Double bottom
Leen,300 Trades,VZ,1,2023-06-07,2023-06-15,35.26,36.44,33.0,3.346568349404424,IH&S
Leen,300 Trades,VZ,1,2023-07-26,2023-08-02,34.34,33.32,31.0,-2.970297029702979,
Leen,300 Trades,VZ,-1,2024-02-05,2024-02-07,41.38,40.42,44.0,2.319961333977769,
Leen,300 Trades,VZ,-1,2024-04-05,2024-04-09,42.12,40.85,44.0,3.015194681861339,
Leen,300 Trades,VZ,-1,2025-08-25,2025-09-03,44.23,43.74,46.0,1.107845353832229,
Leen,300 Trades,TNA,-1,2020-01-22,2020-01-24,74.07,71.07,78.0,4.050222762251924,
Leen,300 Trades,TNA,1,2020-04-06,2020-04-27,15.22,21.2,10.0,39.29040735873849,Double bottom
Leen,300 Trades,TNA,-1,2020-10-16,2020-10-27,38.63,35.63,39.0,7.76598498576236,Double Top
Leen,300 Trades,TNA,1,2022-02-04,2022-02-09,58.72,66.09,50.0,12.551089918256139,IH&S
Leen,300 Trades,TNA,1,2022-05-23,2022-05-27,39.25,45.53,33.0,16.000000000000004,Double Bottom
Leen,300 Trades,TNA,-1,2022-08-19,2022-08-22,48.22,45.22,55.0,6.221484861053505,
Leen,300 Trades,TNA,1,2022-10-03,2022-10-13,31.07,28.0,28.0,-9.880914065014485,Double Bottom
Leen,300 Trades,TNA,-1,2023-02-08,2023-02-21,41.81,38.13,47.0,8.801722076058358,H&S
Leen,300 Trades,TNA,1,2023-03-28,2023-04-13,29.68,31.83,26.0,7.2439353099730415,IH&S
Leen,300 Trades,TNA,1,2023-08-28,2023-09-01,33.47,36.21,31.0,8.186435613982677,Double Bottom
Leen,300 Trades,TNA,1,2023-11-01,2023-11-03,23.08,26.92,21.0,16.637781629116134,
Leen,300 Trades,TNA,-1,2023-12-29,2024-01-04,39.45,35.39,43.0,10.291508238276304,
Leen,300 Trades,TNA,-1,2024-07-24,2024-08-02,44.54,38.77,51.0,12.954647507858096,Double Top
Leen,300 Trades,TNA,-1,2024-11-13,2024-11-15,51.76,47.39,57.0,8.44281298299845,
Leen,300 Trades,TNA,1,2025-03-17,2025-03-31,32.0,28.0,28.0,-12.5,
Leen,300 Trades,TNA,1,2025-04-09,2025-04-29,24.01,25.96,18.0,8.121615993336107,
Leen,300 Trades,TNA,-1,2026-01-20,2026-01-30,54.1,52.61,58.0,2.754158964879856,Double Top
Leen,50 trades,BAC,-1,2023-02-08,2023-02-17,36.5,35.35,37.0,3.1506849315068455,H&S
Leen,50 trades,BAC,1,2023-03-27,2023-04-14,28.49,29.52,26.0,3.6153036153036195,IH&S
Leen,50 trades,BAC,-1,2023-07-28,2023-08-09,31.9,30.86,33.0,3.260188087774292,
Leen,50 trades,BAC,-1,2024-04-02,2024-04-11,37.3,36.35,39.0,2.5469168900804178,Double Top
Leen,50 trades,BAC,-1,2024-07-22,2024-07-29,42.3,41.09,45.0,2.860520094562633,IH&S
Leen,50 trades,BAC,1,2024-08-13,2024-08-19,38.46,39.67,35.0,3.1461258450338034,
Leen,50 trades,BAC,-1,2024-10-30,2024-11-04,42.31,41.33,44.0,2.316237296147492,Double Top
Leen,50 trades,BAC,-1,2024-12-02,2024-12-10,47.04,45.75,49.0,2.7423469387755084,
Leen,50 trades,CAT,1,2022-03-02,2022-03-08,192.61,210.0,179.0,9.028607029749226,Double bottom
Leen,50 trades,CAT,-1,2022-03-30,2022-04-14,223.08,228.0,228.0,-2.2054868208714304,Double Top
Leen,50 trades,CAT,1,2022-10-03,2022-10-04,171.23,179.63,160.0,4.905682415464583,Double bottom
Leen,50 trades,CAT,1,2023-03-28,2023-04-03,220.16,229.87,211.0,4.410428779069772,Double Bottom
Leen,50 trades,CAT,-1,2023-06-20,2023-07-11,241.15,251.0,251.0,-4.084594650632384,
Leen,50 trades,CAT,-1,2023-08-14,2023-08-22,284.54,270.2,294.0,5.039713221339717,Double Top
Leen,50 trades,CAT,1,2023-11-02,2023-11-14,239.12,247.86,223.0,3.6550685848109774,IH&S
Leen,50 trades,CAT,-1,2024-01-02,2024-01-17,292.71,278.63,300.0,4.810221721157455,H&S
Leen,50 trades,META,1,2022-03-09,2022-03-18,198.5,216.49,186.0,9.06297229219144,Double bottom
Leen,50 trades,META,1,2022-11-08,2022-11-14,96.47,114.22,88.0,18.399502435990463,IH&S
Leen,50 trades,META,-1,2023-02-15,2023-03-03,177.16,185.25,194.0,-4.56649356513886,
Leen,50 trades,META,-1,2025-02-18,2025-02-21,716.37,683.55,741.0,4.58143138322376,
Leen,50 trades,META,-1,2025-07-01,2025-07-16,719.22,702.91,748.0,2.2677344901421064,
Leen,50 trades,NVDA,1,2022-02-01,2022-02-09,24.64,26.71,20.0,8.400974025974026,Double Bottom
Leen,50 trades,NVDA,-1,2023-11-22,2023-11-30,48.72,46.77,51.0,4.002463054187184,Double Top
Leen,50 trades,XLE,-1,2022-01-21,2022-01-25,31.23,33.0,33.0,-5.667627281460133,NONE
Leen,50 trades,XLE,-1,2022-03-14,2022-03-16,37.28,35.74,41.0,4.1309012875536455,Double Top
Leen,50 trades,XLE,-1,2022-06-10,2022-06-13,44.36,42.04,47.0,5.229936880072137,
Leen,50 trades,XLE,-1,2022-08-30,2022-09-01,40.62,39.26,43.0,3.3481043820777927,
Leen,50 trades,XLE,1,2023-03-27,2023-03-29,39.78,40.95,37.0,2.9411764705882395,Double Bottom
Leen,50 trades,XLE,-1,2023-08-15,2023-08-18,43.83,44.41,45.0,-1.323294547113845,H&S
Leen,50 trades,XLE,-1,2024-04-12,2024-04-18,48.07,46.92,50.0,2.3923444976076524,
Leen,50 trades,XLE,-1,2024-11-26,2024-12-04,47.61,46.12,49.0,3.12959462297837,H&S
Leen,50 trades,XLE,1,2024-12-31,2025-01-07,42.83,43.97,41.0,2.6616857342983904,Double Bottom
Leen,50 trades,XLE,1,2025-04-17,2025-05-12,40.75,42.29,37.0,3.7791411042944762,
Leen,50 trades,XLE,-1,2025-09-03,2025-09-05,44.25,43.68,46.0,1.2881355932203398,none
Leen,50 trades,SMCI,1,2022-04-14,2022-04-19,3.65,4.47,3.0,22.46575342465753,
Leen,50 trades,SMCI,-1,2022-08-29,2022-09-06,6.93,6.16,8.0,11.111111111111105,H&S
Leen,50 trades,SMCI,-1,2022-11-30,2022-12-15,9.02,8.06,10.0,10.643015521064292,H&S
Leen,50 trades,SMCI,-1,2023-06-15,2023-06-27,24.39,22.62,28.0,7.257072570725705,H&S
Leen,50 trades,SMCI,-1,2024-03-15,2024-03-18,106.88,100.07,123.0,6.371631736526949,Double Top
Leen,50 trades,SMCI,1,2024-11-19,2024-11-22,28.27,33.15,17.0,17.26211531659002,iH&S
Leen,50 trades,SMCI,-1,2025-10-14,2025-10-22,53.11,47.92,59.0,9.772170965919786,Double Top
Leen,50 trades,SMCI,1,2025-11-24,2025-12-02,33.32,32.92,31.0,-1.2004801920768264,Double Bottom
Leen,50 trades,SMCI,1,2022-06-23,2022-06-28,35.94,36.65,34.0,1.9755147468002252,Double Bottom
Leen,50 trades,SMCI,1,2023-01-06,2023-01-09,35.08,35.61,32.0,1.5108323831242907,Double Bottom
Leen,50 trades,SMCI,1,2023-03-28,2023-03-30,30.63,31.82,28.0,3.885079986940912,Double Bottom
Leen,50 trades,SMCI,-1,2023-07-13,2023-07-27,37.04,35.53,40.0,4.076673866090708,
Leen,50 trades,SMCI,1,2023-11-02,2023-11-15,23.16,24.94,21.0,7.685664939550954,Double Bottom
Leen,50 trades,SMCI,1,2024-03-27,2024-04-01,29.27,29.18,27.0,-0.30748206354629265,Double Bottom
Leen,50 trades,SMCI,1,2024-05-06,2024-05-13,27.42,27.98,25.0,2.042304886943832,
Leen,20 trades,AAPL,1,2023-01-06,2023-01-13,129.62,134.76,124.0,3.9654374324949746,Double Bottom
Leen,20 trades,AAPL,-1,2023-02-03,2023-02-24,154.5,146.71,158.0,5.042071197410998,Double Bottom
Leen,20 trades,AAPL,1,2023-08-21,2023-08-29,175.84,184.12,171.0,4.7088262056414925,IH&S
Leen,20 trades,AMZN,1,2022-05-16,2022-05-31,110.81,120.21,102.0,8.482988899918773,Double Bottom
Leen,20 trades,AMZN,-1,2022-08-17,2022-08-22,142.1,133.22,147.0,6.249120337790286,Double Top
Leen,20 trades,AMZN,-1,2023-02-07,2023-02-09,102.11,98.24,114.0,3.79003035941632,H&S
Leen,20 trades,TSLA,-1,2022-04-05,2022-04-11,363.75,325.31,385.0,10.567697594501718,
Leen,20 trades,TSLA,-1,2022-08-05,2022-08-16,288.17,314.0,314.0,-8.963459069299367,
Leen,20 trades,TSLA,1,2023-05-03,2023-05-11,160.61,167.98,152.0,4.588755370151283,IH&S
Leen,20 trades,TSLA,1,2023-11-01,2023-11-14,205.66,237.41,194.0,15.43810172128756,
Leen,20 trades,DIA,1,2022-01-28,2022-02-01,347.11,353.94,331.0,1.9676759528679624,Double Bottom
Leen,20 trades,DIA,1,2022-06-23,2022-06-24,306.74,315.02,296.0,2.6993545021842515,IH&S
Leen,20 trades,DIA,-1,2022-08-19,2022-08-23,337.04,329.11,344.0,2.352836458580586,Double Bottom
Leen,20 trades,DIA,1,2022-10-03,2022-10-13,294.79,300.56,287.0,1.9573255537840433,Double Bottom
Leen,20 trades,DIA,-1,2022-11-28,2022-12-09,338.49,335.37,347.0,0.9217406718071449,Double Top
Leen,20 trades,AAPL,-1,2022-08-18,2022-08-26,174.15,163.62,177.0,6.046511627906978,H&S
Leen,20 trades,AAPL,-1,2023-02-17,2023-02-24,152.55,146.71,158.0,3.828253031792857,Double Top
Leen,20 trades,TSLA,1,2022-05-25,2022-06-24,219.6,245.71,206.0,11.889799635701282,
Leen,20 trades,TSLA,1,2023-01-06,2023-01-20,113.06,133.42,101.0,18.008137272244813,double bottom
Leen,20 trades,TSLA,1,2023-08-22,2023-08-29,233.19,257.18,212.0,10.287748188172738,
Leen,20 trades,DIA,-1,2023-08-02,2023-08-15,352.74,349.61,357.0,0.887339116629811,double top
Cathie,1st 20 (Project B),EUR/CHF,-1,2022-06-15,2022-06-16,1.04504,1.03422,1.0506,1.0353670672892954,
Cathie,1st 20 (Project B),TGT,-1,2024-03-13,2024-03-20,166.67,167.38,176.0,-0.4259914801704014,"DTop, None seen"
Cathie,1st 20 (Project B),TGT,-1,2024-04-04,2024-04-12,174.31,166.9,178.0,4.251046985256151,None seen
Cathie,1st 20 (Project B),TGT,1,2024-05-29,2024-05-31,147.74,156.16,139.0,5.699201299580335,None seen
Cathie,1st 20 (Project B),TGT,1,2024-11-29,2024-12-13,132.31,134.52,120.0,1.6703197037261037,None seen
Cathie,1st 20 (Project B),TGT,1,2025-03-24,2025-03-31,108.35,102.0,102.0,-5.860636825103825,None seen
Cathie,1st 20 (Project B),TGT,1,2025-04-09,2025-05-12,97.69,101.08,87.0,3.4701607124577754,None seen
Cathie,1st 20 (Project B),TGT,1,2025-09-29,2025-10-15,88.83,90.91,86.0,2.3415512777214884,None seen
Cathie,1st 20 (Project B),AAPL,1,2025-03-21,2025-04-02,218.27,223.89,208.0,2.5747926879552736,DTop
Cathie,1st 20 (Project B),AAPL,-1,2025-04-09,2025-04-24,198.85,208.37,169.0,-4.787528287654016,None seen
Cathie,1st 20 (Project B),AAPL,-1,2025-08-20,2025-09-03,226.01,236.0,236.0,-4.420158400070798,None seen
Cathie,1st 20 (Project B),AAPL,1,2026-01-26,2026-01-30,255.48,259.48,243.0,1.5656802880851841,None seen
Cathie,1st 20 (Project B),FCX,1,2025-01-06,2025-01-15,38.57,40.03,37.0,3.7853253824215733,None seen
Cathie,1st 20 (Project B),FCX,1,2025-02-04,2025-02-07,36.48,38.22,34.0,4.769736842105269,None seen
Cathie,1st 20 (Project B),FCX,1,2025-04-11,2025-04-23,33.35,35.19,27.0,5.517241379310334,None seen
Cathie,1st 20 (Project B),MSFT,-1,2024-01-31,2024-02-01,397.58,411.22,414.0,-3.4307560742492185,None seen
Cathie,1st 20 (Project B),MSFT,-1,2024-07-09,2024-07-17,459.54,443.52,469.0,3.4860947904426247,None seen
Cathie,1st 20 (Project B),MSFT,1,2024-08-10,2024-08-19,406.81,421.53,385.0,3.6183967945723974,None seen
Cathie,1st 20 (Project B),MSFT,-1,2025-05-21,2025-05-22,452.57,460.0,460.0,-1.6417349802240553,None seen
Cathie,1st 20 (Project B),MSFT,-1,2025-08-07,2025-08-19,520.84,508.68,556.0,2.3346901159665205,None seen
Cathie,1st 20 (Project B),MSFT,1,2025-11-25,2025-12-24,476.99,488.02,464.0,2.312417451099598,None seen
Cathie,2nd 20 (Project B),TGT,-1,2024-03-22,2024-03-25,168.85,172.66,176.0,-2.256440627776134,DTop
Cathie,2nd 20 (Project B),TGT,1,2024-05-30,2024-05-31,149.94,156.16,139.0,4.148325997065492,None seen
Cathie,2nd 20 (Project B),TGT,1,2025-09-24,2025-10-09,88.31,89.1,86.0,0.894575925716218,"H&S, None seen"
Cathie,2nd 20 (Project B),MSFT,1,2026-01-23,2026-01-27,465.95,480.58,438.0,3.13982186929928,None seen
Cathie,2nd 20 (Project B),MSFT,1,2026-02-09,2026-02-11,413.6,401.84,393.0,-2.843326885880089,Gapping
D-Soh,302 trades backtest,INTC,1,2022-07-05,2022-07-15,34.56,36.38,33.0,5.266203703703704,Double bottom
D-Soh,302 trades backtest,INTC,1,2022-09-09,2022-09-13,29.93,28.0,28.0,-6.448379552288673,
D-Soh,302 trades backtest,INTC,-1,2023-06-29,2023-07-05,32.34,31.86,37.0,1.4842300556586392,Double Top
D-Soh,302 trades backtest,INTC,-1,2023-09-15,2023-09-20,37.26,34.12,40.0,8.427267847557705,
D-Soh,302 trades backtest,INTC,-1,2023-12-01,2023-12-06,43.16,40.72,45.0,5.653382761816491,
D-Soh,302 trades backtest,INTC,-1,2024-01-03,2024-01-17,46.63,45.45,51.0,2.5305597254986054,
D-Soh,302 trades backtest,INTC,1,2024-09-11,2024-09-16,19.64,20.91,18.0,6.466395112016291,
D-Soh,302 trades backtest,INTC,-1,2025-02-25,2025-03-04,22.99,21.33,28.0,7.220530665506743,
D-Soh,302 trades backtest,INTC,1,2025-08-11,2025-08-12,20.65,21.81,18.0,5.617433414043584,
D-Soh,302 trades backtest,INTC,-1,2025-11-03,2025-11-04,39.5,37.03,43.0,6.253164556962022,
D-Soh,302 trades backtest,INTC,-1,2025-12-03,2025-12-12,40.3,37.81,45.0,6.178660049627779,
D-Soh,302 trades backtest,NVS,1,2022-06-23,2022-06-27,70.85,73.81,69.0,4.177840508115748,
D-Soh,302 trades backtest,NVS,1,2022-09-07,2022-09-12,70.5,72.36,68.0,2.638297872340425,
D-Soh,302 trades backtest,NVS,-1,2022-12-30,2022-01-09,78.52,77.85,81.0,0.8532857870606237,
D-Soh,302 trades backtest,NVS,1,2023-03-14,2023-03-20,73.04,73.44,71.0,0.5476451259583672,Double Bottom
D-Soh,302 trades backtest,NVS,-1,2023-05-10,2023-05-18,92.21,89.29,94.0,3.1666847413512498,
D-Soh,302 trades backtest,NVS,-1,2024-05-22,2024-05-28,98.96,96.75,101.0,2.233225545675014,Double Top
D-Soh,302 trades backtest,NVS,-1,2024-06-17,2024-06-24,101.84,104.0,104.0,-2.1209740769835004,
D-Soh,302 trades backtest,NVS,-1,2024-09-03,2024-09-11,115.01,111.89,118.0,2.7128075819493995,
D-Soh,302 trades backtest,NVS,1,2024-11-21,2024-12-04,100.79,99.0,99.0,-1.775969838277613,
D-Soh,302 trades backtest,NVS,1,2025-01-07,2025-01-08,95.07,97.27,93.0,2.31408435889345,
D-Soh,302 trades backtest,NVS,-1,2025-03-31,2025-04-04,111.48,105.85,114.0,5.050233225690715,
D-Soh,302 trades backtest,MFST,1,2022-01-26,2022-02-02,286.44,302.61,266.0,5.645161290322586,Double Bottom
D-Soh,302 trades backtest,MFST,1,2022-10-03,2022-10-05,233.92,242.14,226.0,3.5140218878248977,Double Bottom
D-Soh,302 trades backtest,MFST,-1,2023-05-24,2023-05-25,307.26,316.0,316.0,-2.8444965176072414,Double Top
D-Soh,302 trades backtest,MFST,-1,2023-12-01,2023-12-14,368.17,359.73,378.0,2.292419262840535,
D-Soh,302 trades backtest,MFST,-1,2024-02-12,2024-02-21,408.23,396.1,414.0,2.971364181956249,Double Top
D-Soh,302 trades backtest,MFST,-1,2024-06-28,2024-07-01,440.99,451.0,451.0,-2.2698927413320007,Double Top
D-Soh,302 trades backtest,MFST,1,2024-08-13,2024-08-15,408.49,416.16,380.0,1.8776469436216348,
D-Soh,302 trades backtest,MFST,-1,2025-08-07,2025-08-15,517.83,514.11,553.0,0.7183824807369266,
D-Soh,302 trades backtest,MFST,1,2025-12-18,2025-12-24,482.88,486.91,463.0,0.8345758780649498,Double Bottom
D-Soh,302 trades backtest,ACN,1,2022-01-28,2022-02-02,319.94,335.45,217.0,4.847783959492402,
D-Soh,302 trades backtest,ACN,-1,2026-08-19,2026-08-26,296.15,280.03,304.0,5.443187573864598,
D-Soh,302 trades backtest,ACN,1,2022-10-17,2022-10-21,247.4,254.33,229.0,2.8011317704122902,Double Bottom
D-Soh,302 trades backtest,ACN,-1,2024-01-02,2024-01-03,332.51,323.88,341.0,2.5954106643409207,
D-Soh,302 trades backtest,ACN,-1,2024-01-16,2024-01-20,355.42,349.14,362.0,1.76692363963762,
D-Soh,302 trades backtest,ACN,1,2024-04-18,2024-04-24,305.16,301.0,301.0,-1.3632192947961805,
D-Soh,302 trades backtest,ACN,-1,2024-08-02,2024-08-05,313.43,304.3,329.0,2.9129311169958187,
D-Soh,302 trades backtest,ACN,-1,2024-09-05,2024-09-10,330.67,336.0,336.0,-1.6118789125109576,
D-Soh,302 trades backtest,ACN,-1,2024-10-22,2024-10-30,362.07,337.51,368.0,6.783218714613197,Double Top
D-Soh,302 trades backtest,ACN,-1,2025-02-20,2025-02-21,376.37,356.25,390.0,5.345803331827724,
D-Soh,302 trades backtest,ACN,1,2025-04-02,2025-04-04,309.37,285.0,285.0,-7.877299027054985,
D-Soh,302 trades backtest,ACN,1,2025-04-23,2025-04-29,283.19,293.35,268.0,3.5876973056958312,Double Bottom
D-Soh,302 trades backtest,ACN,1,2025-08-13,2025-08-29,242.68,256.79,233.0,5.814240975770567,Double Bottom
D-Soh,302 trades backtest,ACN,-1,2025-12-31,2026-01-02,266.74,258.44,280.0,3.111644297818104,
D-Soh,302 trades backtest,AMT,1,2022-01-25,2022-01-27,220.6,210.0,210.0,-4.805077062556661,
D-Soh,302 trades backtest,AMT,1,2022-02-25,2022-03-04,205.75,209.81,193.0,1.9732685297691386,
D-Soh,302 trades backtest,AMT,1,2023-03-03,2023-03-07,182.99,174.0,174.0,-4.912836767036454,
D-Soh,302 trades backtest,AMT,1,2023-10-09,2023-10-13,148.71,154.79,141.0,4.088494385044707,Double Bottom
D-Soh,302 trades backtest,AMT,-1,2023-11-09,2023-11-14,168.58,180.0,180.0,-6.774231818721074,
D-Soh,302 trades backtest,AMT,-1,2024-01-05,2024-01-10,200.23,195.27,205.0,2.4771512760325525,
D-Soh,302 trades backtest,AMT,-1,2024-09-18,2024-09-26,224.31,220.34,232.0,1.7698720520707942,Double Top
D-Soh,302 trades backtest,AMT,1,2024-11-18,2024-11-25,190.41,198.75,183.0,4.38002205766504,
D-Soh,302 trades backtest,AMT,1,2025-01-14,2025-01-16,172.74,183.63,167.0,6.30427231677665,Double Bottom
D-Soh,302 trades backtest,DIA,-1,2023-08-02,2023-08-15,337.93,334.93,342.0,0.8877578196667948,
D-Soh,302 trades backtest,DIA,-1,2023-10-09,2023-10-16,323.31,326.96,315.0,-1.128947449815959,Double Bottom
D-Soh,302 trades backtest,DIA,1,2023-10-31,2023-11-02,318.09,325.7,311.0,2.3924046653462905,Double Bottom
D-Soh,302 trades backtest,DIA,-1,2024-01-16,2024-01-19,361.16,366.0,366.0,-1.3401262598294315,
D-Soh,302 trades backtest,DIA,-1,2024-03-04,2024-03-05,378.01,374.1,381.0,1.0343641702600377,
D-Soh,302 trades backtest,DIA,-1,2024-12-05,2024-12-12,439.8,431.56,443.0,1.8735788994997746,Double Top
D-Soh,302 trades backtest,DIA,-1,2025-01-13,2025-01-15,415.79,424.91,411.0,-2.1934149450443745,Double Bottom
D-Soh,302 trades backtest,DIA,1,2025-03-17,2025-03-24,412.88,419.86,401.0,1.6905638442162414,
D-Soh,302 trades backtest,DIA,1,2025-04-22,2025-04-29,386.88,400.05,361.0,3.4041563275434283,Double Bottom
D-Soh,302 trades backtest,DIA,-1,2025-07-18,2025-07-23,439.37,445.0,445.0,-1.2813801579534323,
D-Soh,302 trades backtest,XLK,1,2022-01-28,2022-02-01,76.55,78.68,70.0,2.7824951012410315,
D-Soh,302 trades backtest,XLK,1,2022-10-17,2022-10-21,58.72,60.66,55.0,3.303814713896454,Double Bottom
D-Soh,302 trades backtest,XLK,-1,2023-02-16,2023-02-21,69.28,68.41,71.0,1.2557736720554338,
D-Soh,302 trades backtest,XLK,-1,2023-04-11,2023-04-24,72.37,72.14,75.0,0.3178112477545999,Double Top
D-Soh,302 trades backtest,XLK,-1,2024-06-16,2024-06-17,115.6,111.1,118.0,3.8927335640138407,Double Top
D-Soh,302 trades backtest,XLK,1,2025-04-22,2025-04-24,95.8,99.39,85.0,3.747390396659711,Double Bottom
D-Soh,302 trades backtest,XLK,-1,2025-08-15,2025-08-19,132.48,130.44,135.0,1.5398550724637623,
D-Soh,302 trades backtest,XLK,-1,2025-11-04,2025-11-06,146.75,144.36,153.0,1.6286201022146414,
D-Soh,302 trades backtest,IBM,1,2022-01-15,2022-01-16,107.97,109.17,102.0,1.111419838844126,Double Bottom
D-Soh,302 trades backtest,IBM,-1,2022-04-26,2022-04-29,117.03,113.61,122.0,2.9223276083055643,
D-Soh,302 trades backtest,IBM,-1,2022-12-14,2022-12-15,133.56,126.87,137.0,5.008984725965856,
D-Soh,302 trades backtest,IBM,1,2023-02-02,2023-02-13,121.55,123.91,118.0,1.9415878239407647,
D-Soh,302 trades backtest,IBM,1,2023-03-20,2023-03-27,113.62,116.66,109.0,2.6755852842809293,Double Bottom
D-Soh,302 trades backtest,IBM,-1,2023-06-21,2023-06-22,122.25,119.95,128.0,1.8813905930470325,Double Bottom
D-Soh,302 trades backtest,IBM,-1,2023-09-12,2023-09-18,135.32,134.21,138.0,0.8202778598876628,Double Top
D-Soh,302 trades backtest,IBM,-1,2024-01-02,2024-01-05,151.01,148.89,156.0,1.4038805377127375,Double Top
D-Soh,302 trades backtest,IBM,-1,2024-02-13,2024-02-21,173.41,169.64,185.0,2.17403840608962,
D-Soh,302 trades backtest,IBM,-1,2024-03-11,2024-03-12,180.99,188.0,188.0,-3.8731421625504123,Double Top
D-Soh,302 trades backtest,IBM,1,2024-05-06,2024-05-21,159.17,165.38,153.0,3.9014889740529046,
D-Soh,302 trades backtest,IBM,-1,2024-08-01,2024-08-05,180.82,174.76,188.0,3.351399181506472,Double Top
D-Soh,302 trades backtest,IBM,1,2024-11-18,2024-11-20,201.7,208.1,195.0,3.173029251363414,Double Bottom
D-Soh,302 trades backtest,IBM,-1,2024-12-09,2024-12-18,222.94,213.41,233.0,4.274692742441913,Double Top
D-Soh,302 trades backtest,IBM,-1,2025-02-25,2025-03-03,251.5,244.12,259.0,2.9343936381709725,Double Top
D-Soh,302 trades backtest,IBM,-1,2025-07-08,2025-07-15,286.26,277.68,291.0,2.9972752043596675,Double Top
D-Soh,302 trades backtest,IBM,1,2025-08-20,2025-09-05,239.85,245.77,230.0,2.4682092974775967,Double Bottom
D-Soh,302 trades backtest,SOXL,1,2022-10-18,2022-10-28,7.22,9.26,6.0,28.254847645429365,
D-Soh,302 trades backtest,SOXL,-1,2023-02-06,2023-02-21,15.75,13.71,18.0,12.952380952380945,
D-Soh,302 trades backtest,SOXL,-1,2023-07-19,2023-07-20,26.79,23.84,29.0,11.011571481896228,Double Top
D-Soh,302 trades backtest,SOXL,-1,2023-11-21,2023-12-06,22.45,21.11,25.0,5.968819599109131,Double Top
D-Soh,302 trades backtest,SOXL,-1,2023-12-20,2023-12-26,27.63,32.0,32.0,-15.8161418747738,
D-Soh,302 trades backtest,SOXL,-1,2024-02-13,2024-02-22,36.3,41.0,41.0,-12.947658402203865,
D-Soh,302 trades backtest,SOXL,-1,2024-03-11,2024-03-15,46.08,42.11,57.0,8.615451388888888,Head & Shoulders
D-Soh,302 trades backtest,SOXL,-1,2024-06-20,2024-06-24,59.19,52.48,66.0,11.336374387565469,Double Top
D-Soh,302 trades backtest,SOXL,-1,2025-04-09,2025-05-02,12.73,13.24,7.0,-4.006284367635505,Double Bottom
D-Soh,302 trades backtest,SOXL,-1,2025-07-14,2025-07-15,26.49,28.0,28.0,-5.7002642506606325,
D-Soh,302 trades backtest,SOXL,-1,2025-10-07,2025-10-10,38.83,34.21,44.0,11.898016997167133,
D-Soh,302 trades backtest,SOXL,-1,2026-02-03,2026-02-06,61.2,53.19,72.0,13.088235294117656,
D-Soh,302 trades backtest,QQQ,1,2022-01-31,2022-02-09,354.01,357.6,325.0,1.0140956470156302,
D-Soh,302 trades backtest,QQQ,1,2022-09-28,2022-09-29,274.33,266.0,266.0,-3.036488900229645,
D-Soh,302 trades backtest,QQQ,-1,2023-02-16,2023-02-21,297.93,295.83,307.0,0.7048635585540304,Double Top
D-Soh,302 trades backtest,QQQ,-1,2023-08-01,2023-08-03,377.11,368.24,383.0,2.3520988570973995,Double Top
D-Soh,302 trades backtest,QQQ,-1,2024-01-02,2024-01-03,398.19,393.98,409.0,1.0572842110550187,
D-Soh,302 trades backtest,QQQ,-1,2024-03-08,2024-03-15,434.22,429.18,442.0,1.160701948321132,
D-Soh,302 trades backtest,QQQ,-1,2024-07-11,2024-07-17,487.97,477.9,500.0,2.0636514539828372,
D-Soh,302 trades backtest,QQQ,-1,2025-03-19,2025-03-24,478.46,484.0,484.0,-1.157881536596585,
D-Soh,302 trades backtest,QQQ,1,2025-04-22,2025-04-25,442.9,465.69,400.0,5.14563106796117,Double Bottom
D-Soh,302 trades backtest,QQQ,-1,2025-10-07,2025-10-08,603.73,609.0,609.0,-0.872906762956948,Double Top
D-Soh,302 trades backtest,TSLA,-1,2022-04-05,2022-04-11,363.75,325.31,385.0,10.567697594501718,Double Top
D-Soh,302 trades backtest,TSLA,1,2022-06-21,2022-06-24,237.04,245.71,206.0,3.6576105298683834,Double Bottom
D-Soh,302 trades backtest,TSLA,-1,2022-08-05,2022-08-16,288.17,314.0,314.0,-8.963459069299367,
D-Soh,302 trades backtest,TSLA,1,2023-01-09,2023-01-20,119.77,133.42,101.0,11.396843950905897,
D-Soh,302 trades backtest,TSLA,-1,2023-03-02,2023-03-07,190.9,187.71,218.0,1.6710319539025655,
D-Soh,302 trades backtest,TSLA,1,2023-05-04,2023-05-08,161.2,171.79,152.0,6.569478908188588,Double Bottom
D-Soh,302 trades backtest,TSLA,1,2023-08-21,2023-08-29,231.28,257.18,212.0,11.19854721549637,
D-Soh,302 trades backtest,TSLA,1,2024-01-29,2024-02-05,190.93,180.0,180.0,-5.724611114020848,
D-Soh,302 trades backtest,TSLA,1,2024-03-18,2024-03-27,173.8,179.83,160.0,3.4695051783659383,
D-Soh,302 trades backtest,TSLA,-1,2024-12-30,2024-12-31,417.41,403.84,489.0,3.251000215615354,
D-Soh,302 trades backtest,TSLA,-1,2025-06-02,2025-06-05,342.69,284.7,368.0,16.92199947474394,Double Top
D-Soh,302 trades backtest,TSLA,-1,2025-10-02,2025-10-10,436.0,413.49,471.0,5.162844036697246,
D-Soh,302 trades backtest,AMZN,1,2022-05-25,2022-05-31,106.78,120.21,101.0,12.577261659486789,Double Bottom
D-Soh,302 trades backtest,AMZN,-1,2022-08-17,2022-08-22,142.1,133.22,147.0,6.249120337790286,Double Top
D-Soh,302 trades backtest,AMZN,1,2023-01-03,2023-01-10,85.82,89.87,81.0,4.719179678396658,Double Bottom
D-Soh,302 trades backtest,AMZN,-1,2023-02-08,2023-02-09,100.05,99.54,115.0,0.5097451274362728,Double Top
D-Soh,302 trades backtest,AMZN,-1,2023-06-07,2023-06-13,121.23,128.0,128.0,-5.584426297121172,Double Top
D-Soh,302 trades backtest,AMZN,-1,2024-02-26,2024-02-29,174.73,177.0,177.0,-1.2991472557660448,Double Top
D-Soh,302 trades backtest,AMZN,-1,2024-04-15,2024-04-17,183.62,181.28,189.0,1.2743709835529917,Double Top
D-Soh,302 trades backtest,AMZN,-1,2024-07-11,2024-07-17,195.05,187.93,202.0,3.650346065111512,Double Top
D-Soh,302 trades backtest,AMZN,1,2024-08-13,2024-08-15,170.23,177.59,151.0,4.323562239323277,Double Bottom
D-Soh,302 trades backtest,AMZN,-1,2024-11-20,2024-11-21,202.88,198.38,216.0,2.218059936908517,Double Top
D-Soh,302 trades backtest,AMZN,-1,2024-12-18,2024-12-31,220.52,219.39,233.0,0.5124251768547179,
D-Soh,302 trades backtest,AMZN,1,2025-03-24,2025-03-25,203.26,205.71,189.0,1.2053527501722017,
D-Soh,302 trades backtest,AMZN,-1,2025-11-12,2025-11-14,254.0,234.69,259.0,7.602362204724409,
D-Soh,302 trades backtest,DRIP,1,2022-04-21,2022-04-22,19.7,22.07,17.0,12.030456852791884,
D-Soh,302 trades backtest,DRIP,1,2022-06-13,2022-06-15,14.59,15.27,11.0,4.660726525017133,
D-Soh,302 trades backtest,DRIP,-1,2022-09-28,2022-10-03,16.72,14.75,21.0,11.782296650717697,
D-Soh,302 trades backtest,DRIP,-1,2022-12-13,2022-12-23,12.67,12.43,15.0,1.8942383583267577,
D-Soh,302 trades backtest,DRIP,-1,2023-03-20,2023-03-28,15.21,13.82,17.0,9.138724523339912,Head & Shoulders
D-Soh,302 trades backtest,DRIP,1,2023-09-11,2023-09-19,9.09,9.58,8.0,5.3905390539053935,
D-Soh,302 trades backtest,DRIP,-1,2023-12-13,2023-12-14,11.35,10.55,13.0,7.0484581497797265,Double Top
D-Soh,302 trades backtest,DRIP,1,2024-04-12,2024-04-17,7.86,8.39,7.0,6.743002544529266,
D-Soh,302 trades backtest,DRIP,-1,2024-08-07,2024-08-15,11.07,9.9,12.0,10.56910569105691,
D-Soh,302 trades backtest,DRIP,-1,2024-09-16,2024-09-25,11.5,10.64,13.0,7.4782608695652115,
D-Soh,302 trades backtest,DRIP,-1,2024-12-23,2025-01-02,11.55,10.2,13.0,11.6883116883117,Double Top
D-Soh,302 trades backtest,DRIP,1,2025-01-22,2025-01-27,9.18,9.77,8.0,6.427015250544661,
D-Soh,302 trades backtest,DRIP,-1,2025-04-09,2025-04-24,12.56,12.39,18.0,1.3535031847133752,
D-Soh,302 trades backtest,DRIP,1,2025-07-14,2025-07-16,8.83,9.5,8.0,7.587768969422423,Double Bottom
D-Soh,302 trades backtest,GDX,-1,2022-04-19,2022-04-21,37.69,36.16,40.0,4.059432210135318,Double Top
D-Soh,302 trades backtest,GDX,1,2022-05-19,2022-06-02,30.52,31.66,28.0,3.7352555701179577,Double Bottom
D-Soh,302 trades backtest,GDX,-1,2023-05-09,2023-05-15,35.03,32.74,36.0,6.537253782472165,Double Top
D-Soh,302 trades backtest,GDX,1,2023-05-30,2023-06-20,29.84,29.0,29.0,-2.815013404825737,
D-Soh,302 trades backtest,GDX,1,2023-06-26,2023-06-28,29.03,28.0,28.0,-3.5480537375129213,
D-Soh,302 trades backtest,GDX,1,2023-08-22,2023-08-28,26.98,28.0,26.0,3.780578206078575,Double Bottom
D-Soh,302 trades backtest,GDX,1,2023-10-06,2023-10-10,25.96,26.85,24.0,3.428351309707244,Double Bottom
D-Soh,302 trades backtest,GDX,-1,2023-12-04,2023-12-08,29.95,28.65,31.0,4.340567612687816,Double Top
D-Soh,302 trades backtest,GDX,-1,2024-05-22,2024-05-23,34.79,34.1,37.0,1.983328542684673,Double Top
D-Soh,302 trades backtest,GDX,-1,2024-07-15,2024-07-16,37.24,38.0,38.0,-2.040816326530607,
D-Soh,302 trades backtest,GDX,-1,2024-10-24,2024-10-31,41.34,39.58,44.0,4.257377842283515,Double Top
D-Soh,302 trades backtest,GDX,1,2024-11-18,2024-12-10,36.33,37.27,34.0,2.5873933388384387,Double Bottom
D-Soh,302 trades backtest,GDX,-1,2025-02-21,2025-02-27,40.51,39.18,43.0,3.2831399654406277,
D-Soh,302 trades backtest,GDX,-1,2026-01-29,2026-01-30,107.98,94.2,114.0,12.761622522689386,
D-Soh,302 trades backtest,HUM,-1,2022-11-09,2022-11-11,534.85,510.75,553.0,4.505936243806679,Double Top
D-Soh,302 trades backtest,HUM,1,2023-01-12,2023-01-25,478.39,486.07,463.0,1.605384727941639,Double Bottom
D-Soh,302 trades backtest,HUM,1,2023-07-11,2023-07-12,424.77,417.0,417.0,-1.8292252277703185,
D-Soh,302 trades backtest,HUM,-1,2023-08-17,2023-08-25,474.83,465.31,487.0,2.004928079523194,
D-Soh,302 trades backtest,HUM,1,2024-05-01,2024-05-07,307.19,317.38,291.0,3.3171652723070406,
D-Soh,302 trades backtest,HUM,-1,2024-05-23,2024-05-31,344.36,350.0,350.0,-1.637820885120219,
D-Soh,302 trades backtest,HUM,-1,2024-06-17,2024-06-18,347.32,341.75,358.0,1.6037083957157645,
D-Soh,302 trades backtest,HUM,-1,2024-09-27,2024-10-02,312.2,301.0,301.0,3.5874439461883374,
D-Soh,302 trades backtest,HUM,1,2025-11-24,2025-12-03,228.42,256.04,220.0,12.0917607915244,Double Bottom
D-Soh,302 trades backtest,XLI,-1,2022-08-19,2022-08-26,93.5,90.36,96.0,3.358288770053477,
D-Soh,302 trades backtest,XLI,-1,2022-12-05,2022-12-13,95.64,98.0,98.0,-2.4675867837724796,
D-Soh,302 trades backtest,XLI,-1,2023-08-02,2023-08-03,105.51,104.21,107.0,1.232110700407555,
D-Soh,302 trades backtest,XLI,-1,2024-04-01,2024-04-12,121.86,119.83,124.0,1.665846052847531,
D-Soh,302 trades backtest,XLI,-1,2024-10-15,2024-10-25,135.63,132.9,138.0,2.0128290201282826,
D-Soh,302 trades backtest,XLI,-1,2024-12-02,2024-12-06,140.29,137.96,142.0,1.6608453916886337,Double Top
D-Soh,302 trades backtest,XLI,1,2024-12-24,2024-12-30,132.34,129.0,129.0,-2.5238023273386756,Double Bottom
D-Soh,302 trades backtest,XLI,-1,2025-01-28,2025-02-03,136.39,135.12,140.0,0.9311533103599839,
D-Soh,302 trades backtest,XLI,1,2025-04-17,2025-04-23,123.98,124.86,111.0,0.7097919019196608,
D-Soh,302 trades backtest,XLI,-1,2025-07-29,2025-08-01,152.6,148.62,154.0,2.6081258191349868,
D-Soh,302 trades backtest,ROKU,1,2022-03-17,2022-03-28,115.39,128.36,97.0,11.240142126700766,Double Bottom
D-Soh,302 trades backtest,ROKU,1,2023-01-04,2023-01-09,42.35,45.19,38.0,6.706021251475788,Double Bottom
D-Soh,302 trades backtest,ROKU,-1,2023-02-24,2023-03-09,62.65,60.52,74.0,3.3998403830806,Double Top
D-Soh,302 trades backtest,ROKU,-1,2023-06-20,2023-06-22,67.96,62.85,76.0,7.519128899352549,Double Top
D-Soh,302 trades backtest,ROKU,-1,2023-08-02,2023-08-10,91.25,78.83,99.0,13.61095890410959,Double Top
D-Soh,302 trades backtest,ROKU,-1,2023-11-10,2023-11-14,81.81,87.0,87.0,-6.343967730106341,
D-Soh,302 trades backtest,ROKU,-1,2023-12-06,2023-12-15,102.36,95.93,109.0,6.281750683860876,Double Top
D-Soh,302 trades backtest,ROKU,1,2024-04-08,2024-04-15,60.85,58.0,58.0,-4.683648315529994,
D-Soh,302 trades backtest,ROKU,-1,2024-10-14,2024-10-16,76.36,80.0,80.0,-4.766893661602934,
D-Soh,302 trades backtest,ROKU,-1,2025-02-19,2025-02-25,92.41,85.76,105.0,7.196190888431979,
D-Soh,302 trades backtest,ROKU,1,2025-04-11,2025-04-25,60.22,65.71,52.0,9.116572567253396,Double Bottom
D-Soh,302 trades backtest,ROKU,-1,2025-06-12,2025-06-16,76.75,82.0,82.0,-6.840390879478828,Double Top
D-Soh,302 trades backtest,ROKU,1,2026-02-24,2026-02-26,87.68,93.47,78.0,6.603558394160575,
D-Soh,302 trades backtest,XLF,1,2022-05-23,2022-05-26,31.85,32.78,30.0,2.9199372056514905,Double Bottom
D-Soh,302 trades backtest,XLF,-1,2022-08-19,2022-08-23,32.93,32.08,34.0,2.5812329183115743,
D-Soh,302 trades backtest,XLF,1,2022-10-03,2022-10-04,29.53,30.63,28.0,3.7250253979004326,Double Bottom
D-Soh,302 trades backtest,XLF,1,2023-03-21,2023-04-13,30.61,31.18,29.0,1.8621365566808243,
D-Soh,302 trades backtest,XLF,-1,2023-07-25,2023-08-15,34.02,32.91,35.0,3.2627865961199487,
D-Soh,302 trades backtest,XLF,1,2023-10-13,2023-10-16,32.09,32.43,31.0,1.059520099719527,
D-Soh,302 trades backtest,XLF,-1,2024-04-01,2024-04-10,40.83,39.85,42.0,2.400195934361981,
D-Soh,302 trades backtest,XLF,-1,2024-05-22,2024-05-23,40.88,40.31,42.0,1.3943248532289634,Double Top
D-Soh,302 trades backtest,XLF,-1,2024-07-29,2024-08-02,42.42,41.16,44.0,2.9702970297029823,
D-Soh,302 trades backtest,XLF,-1,2024-10-21,2024-11-04,46.39,45.45,47.0,2.0262987712869105,
D-Soh,302 trades backtest,XLF,-1,2024-12-02,2024-12-12,49.92,48.69,51.0,2.4639423076923155,
D-Soh,302 trades backtest,XLF,-1,2025-02-10,2025-02-21,50.7,50.05,52.0,1.282051282051293,Double Top
D-Soh,302 trades backtest,XLF,1,2025-04-09,2025-04-23,46.75,47.24,41.0,1.0481283422459935,Double Top
D-Soh,302 trades backtest,XLF,-1,2025-07-07,2025-07-15,52.32,51.3,53.0,1.9495412844036757,Double Top
D-Soh,302 trades backtest,XLF,-1,2025-12-30,2026-01-05,55.18,56.0,56.0,-1.4860456687205514,Double Top
D-Soh,302 trades backtest,XLF,-1,2026-01-13,2026-01-13,55.29,54.23,57.0,1.9171640441309499,Double Top
D-Soh,302 trades backtest,VZ,-1,2022-05-03,2022-05-22,36.8,38.14,35.0,-3.6413043478260967,Double Bottom
D-Soh,302 trades backtest,VZ,1,2022-10-25,2022-10-28,29.29,30.26,27.0,3.311710481392975,Double Bottom
D-Soh,302 trades backtest,VZ,1,2023-03-14,2023-03-27,30.09,31.04,29.0,3.1571950814223975,Double Bottom
D-Soh,302 trades backtest,VZ,1,2023-06-06,2023-06-14,28.78,29.63,27.0,2.9534398888116673,
D-Soh,302 trades backtest,VZ,-1,2023-12-08,2023-12-13,32.98,31.98,34.0,3.0321406913280673,
D-Soh,302 trades backtest,VZ,-1,2024-02-02,2024-02-07,36.94,35.44,38.0,4.060638873849485,Double Top
D-Soh,302 trades backtest,VZ,-1,2024-04-04,2024-04-11,37.22,35.78,39.0,3.868887694787743,
D-Soh,302 trades backtest,VZ,-1,2024-10-03,2024-10-10,40.31,39.5,42.0,2.009426941205662,Double Top
D-Soh,302 trades backtest,VZ,-1,2025-03-11,2025-03-12,40.65,37.38,45.0,8.04428044280442,
D-Soh,302 trades backtest,VZ,1,2025-10-31,2025-11-11,39.06,40.01,37.0,2.4321556579620984,
D-Soh,302 trades backtest,IWM,1,2022-02-04,2022-02-09,188.32,196.14,178.0,4.152506372132537,Double Bottom
D-Soh,302 trades backtest,IWM,1,2022-05-17,2022-05-26,173.72,173.8,160.0,0.04605111673958813,
D-Soh,302 trades backtest,IWM,-1,2022-08-17,2022-08-19,188.46,185.63,193.0,1.5016449113870383,
D-Soh,302 trades backtest,IWM,1,2022-10-03,2022-10-04,162.28,168.72,156.0,3.9684495932955373,Double Bottom
D-Soh,302 trades backtest,IWM,-1,2023-03-20,2023-03-23,166.83,164.0,164.0,1.696337589162628,
D-Soh,302 trades backtest,IWM,-1,2023-03-24,2023-03-31,166.01,172.44,161.0,-3.873260646948983,
D-Soh,302 trades backtest,IWM,1,2023-09-27,2023-10-02,171.38,169.0,169.0,-1.3887268059283437,
D-Soh,302 trades backtest,IWM,1,2023-10-30,2023-11-03,158.84,169.92,158.0,6.975572903550733,
D-Soh,302 trades backtest,IWM,-1,2024-07-29,2024-08-02,218.87,205.28,222.0,6.209165257915659,Double Top
D-Soh,302 trades backtest,IWM,-1,2024-12-03,2024-12-12,236.66,231.38,242.0,2.2310487619369566,Double Top
D-Soh,302 trades backtest,IWM,1,2025-04-09,2025-04-24,187.99,192.33,170.0,2.3086334379488287,
D-Soh,302 trades backtest,IWM,-1,2025-07-07,2025-07-09,218.38,222.0,222.0,-1.6576609579631856,
D-Soh,302 trades backtest,IWM,-1,2025-07-28,2025-07-31,222.74,218.04,226.0,2.11008350543235,
D-Soh,302 trades backtest,IWM,-1,2025-10-07,2025-10-10,243.34,236.99,248.0,2.6095175474644505,Double Top
D-Soh,302 trades backtest,IWM,-1,2026-01-20,2026-01-21,262.58,268.0,268.0,-2.0641328357072193,
D-Soh,302 trades backtest,IWM,-1,2026-01-23,2026-01-30,264.81,259.65,272.0,1.9485668970205146,
D-Soh,302 trades backtest,TSM,-1,2022-01-18,2022-01-20,126.9,121.69,138.0,4.105594956658792,
D-Soh,302 trades backtest,TSM,1,2022-11-04,2022-11-10,59.97,67.99,58.0,13.373353343338328,
D-Soh,302 trades backtest,TSM,-1,2022-11-25,2022-11-30,78.13,80.0,80.0,-2.393446819403564,
D-Soh,302 trades backtest,TSM,1,2023-09-27,2023-10-06,83.31,87.07,81.0,4.513263713839864,
D-Soh,302 trades backtest,TSM,1,2025-04-01,2025-04-03,167.4,158.0,158.0,-5.615292712066909,
D-Soh,302 trades backtest,LLOY,1,2022-03-09,2022-03-14,37.03,38.94,31.0,5.157980016203069,
D-Soh,302 trades backtest,LLOY,1,2023-03-27,2023-04-05,39.6,41.42,37.0,4.595959595959596,Double Bottom
D-Soh,302 trades backtest,LLOY,1,2023-06-27,2023-07-03,37.55,39.08,36.0,4.074567243675103,
D-Soh,302 trades backtest,LLOY,1,2024-11-11,2024-11-15,51.96,53.78,50.0,3.5026943802925334,Double Bottom
D-Soh,302 trades backtest,ELF,1,2022-03-15,2022-03-18,23.93,25.92,22.0,8.315921437526127,Double Bottom
D-Soh,302 trades backtest,ELF,1,2023-10-10,2023-10-17,101.82,108.72,95.0,6.776664702416034,Double Bottom
D-Soh,302 trades backtest,ELF,1,2024-04-22,2024-04-23,161.46,176.99,153.0,9.618481357611792,
D-Soh,302 trades backtest,ELF,1,2024-10-08,2024-10-14,104.01,115.43,100.0,10.979713489087588,
D-Soh,302 trades backtest,ELF,1,2025-04-22,2025-04-25,59.33,60.66,49.0,2.2416989718523483,
D-Soh,302 trades backtest,KHC,1,2022-10-10,2022-10-11,29.04,29.78,27.0,2.5482093663911916,
D-Soh,302 trades backtest,KHC,1,2023-07-03,2023-07-19,31.49,31.78,30.0,0.9209272785011201,
D-Soh,302 trades backtest,KHC,1,2023-09-07,2023-09-11,29.08,29.93,28.0,2.9229711141678183,
D-Soh,302 trades backtest,KHC,1,2024-02-20,2024-02-21,32.07,32.76,30.0,2.1515434985968125,Double Bottom
D-Soh,302 trades backtest,KHC,1,2024-07-15,2024-07-16,29.74,30.25,29.0,1.7148621385339662,Double Bottom
D-Soh,302 trades backtest,KHC,1,2025-01-13,2025-01-27,27.16,28.5,26.0,4.933726067746686,Double Bottom
D-Soh,302 trades backtest,XLC,1,2022-01-28,2022-02-02,69.35,72.96,66.0,5.205479452054794,Double Bottom
D-Soh,302 trades backtest,XLC,1,2022-03-15,2022-03-17,62.18,64.59,61.0,3.8758443229334247,Double Bottom
D-Soh,302 trades backtest,XLC,1,2022-05-02,2022-05-09,57.78,56.0,56.0,-3.080650744202148,
D-Soh,302 trades backtest,XLC,1,2022-10-17,2022-10-21,47.61,48.43,44.0,1.7223272421760143,Double Bottom
D-Soh,302 trades backtest,XLC,1,2025-03-17,2025-03-25,96.1,99.03,93.0,3.0489073881373643,
D-Soh,302 trades backtest,XLC,1,2025-04-22,2025-04-24,89.66,92.92,84.0,3.6359580637965703,Double Bottom
D-Soh,302 trades backtest,V,1,2023-10-04,2023-10-10,226.9,232.18,223.0,2.3270163067430594,
D-Soh,302 trades backtest,SBUX,1,2022-03-15,2022-03-18,75.39,81.27,71.0,7.799442896935926,
D-Soh,302 trades backtest,SBUX,1,2023-06-12,2023-06-15,91.88,94.6,90.0,2.9603831084022625,Double Bottom
D-Soh,302 trades backtest,SBUX,1,2024-05-09,2024-05-22,71.82,77.18,68.0,7.463102199944324,
D-Soh,302 trades backtest,SBUX,1,2024-12-24,2025-01-13,87.02,90.51,83.0,4.01057228223398,
D-Soh,302 trades backtest,SBUX,1,2025-03-26,2025-04-03,95.34,92.0,92.0,-3.5032515208726696,
D-Soh,302 trades backtest,MDLZ,1,2022-03-15,2022-03-29,55.11,56.81,53.0,3.0847396116857246,
D-Soh,302 trades backtest,MDLZ,1,2022-06-21,2022-06-23,54.2,56.76,52.0,4.723247232472316,Double Bottom
D-Soh,302 trades backtest,MDLZ,1,2023-10-16,2023-10-30,58.75,67.09,57.0,14.19574468085107,
D-Soh,302 trades backtest,MDLZ,1,2024-11-21,2024-11-22,62.31,60.0,60.0,-3.70727010110737,
D-Soh,302 trades backtest,MDLZ,1,2025-09-02,2025-09-03,60.74,59.0,59.0,-2.864669081330263,Double Bottom
D-Soh,302 trades backtest,MDLZ,1,2025-11-21,2025-11-28,56.48,57.04,54.0,0.9915014164305991,Double Bottom
D-Soh,302 trades backtest,PTH,1,2022-01-28,2022-02-09,40.71,43.71,39.0,7.369196757553427,Double Bottom
D-Soh,302 trades backtest,PTH,1,2022-05-16,2022-05-27,37.94,39.21,35.0,3.347390616763319,Double Bottom
D-Soh,302 trades backtest,PTH,1,2022-09-28,2022-10-04,39.6,40.77,37.0,2.9545454545454586,Double Bottom
D-Soh,302 trades backtest,PTH,1,2023-08-21,2023-08-29,34.83,35.97,34.0,3.273040482342809,Double Bottom
D-Soh,302 trades backtest,PTH,1,2023-09-27,2023-10-02,32.64,32.0,32.0,-1.960784313725492,
D-Soh,302 trades backtest,PTH,1,2024-04-23,2024-05-01,38.96,40.03,37.0,2.74640657084189,Double Bottom
D-Soh,302 trades backtest,PTH,1,2025-01-15,2025-01-21,39.02,40.37,37.0,3.459764223475126,Double Bottom
D-Soh,302 trades backtest,PTH,1,2025-04-11,2025-04-23,35.57,37.03,32.0,4.104582513353952,
D-Soh,302 trades backtest,TQQQ,1,2022-03-15,2022-03-17,20.83,23.95,19.0,14.978396543446957,
D-Soh,302 trades backtest,TQQQ,1,2022-10-03,2022-10-07,9.88,9.0,9.0,-8.906882591093126,Double Bottom
D-Soh,302 trades backtest,TQQQ,1,2024-04-24,2024-05-03,26.36,27.38,23.0,3.869499241274657,Double Bottom
D-Soh,302 trades backtest,TQQQ,1,2024-08-08,2024-08-14,28.6,33.73,24.0,17.93706293706292,Double Bottom
D-Soh,302 trades backtest,TQQQ,1,2025-03-19,2025-03-28,30.86,28.0,28.0,-9.267660401814645,
D-Soh,302 trades backtest,NEM,1,2022-06-21,2022-06-29,58.61,55.0,55.0,-6.159358471250639,
D-Soh,302 trades backtest,NEM,1,2023-03-01,2023-03-07,40.66,39.0,39.0,-4.082636497786514,Double Bottom
D-Soh,302 trades backtest,NEM,1,2023-10-04,2023-10-10,33.66,36.52,33.0,8.49673202614381,
D-Soh,302 trades backtest,NEM,1,2024-01-29,2024-02-05,33.24,32.0,32.0,-3.73044524669074,Double Bottom
D-Soh,302 trades backtest,NEM,1,2025-01-02,2025-01-14,37.73,39.49,36.0,4.664723032069984,
D-Soh,302 trades backtest,ARKK,1,2022-05-25,2022-05-27,41.03,45.41,35.0,10.675115768949537,
D-Soh,302 trades backtest,ARKK,1,2023-09-29,2023-10-03,39.67,38.0,38.0,-4.20973027476683,Double Bottom
D-Soh,302 trades backtest,ARKK,1,2024-04-22,2024-05-03,42.6,45.47,41.0,6.737089201877929,
D-Soh,302 trades backtest,ARKK,1,2024-08-08,2024-08-15,41.29,43.92,36.0,6.369581012351665,
D-Soh,302 trades backtest,ARKK,1,2025-03-19,2025-03-24,50.05,54.18,46.0,8.251748251748257,
D-Soh,302 trades backtest,ARKK,1,2025-11-24,2025-11-28,76.79,77.53,70.0,0.9636671441593889,
D-Soh,Batch 1-Sample 10 trades,INTC,-1,2023-04-10,2023-04-20,31.74,29.57,33.0,6.836798991808438,Double Top
D-Soh,Batch 1-Sample 10 trades,INTC,1,2024-05-31,2024-06-21,30.66,30.89,29.0,0.7501630789302036,
D-Soh,Batch 1-Sample 10 trades,INTC,-1,2025-12-08,2025-12-12,40.3,37.81,45.0,6.178660049627779,2020-01-23 00:00:00
